cmoe4ahdc02n5rr6xmjqmbpen	Flash #46	DC Comics	gcd:49082
cmoe4ahe102nbrr6xyywk7xx5	Flash #49	DC Comics	gcd:49442
cmoe4ahn702p8rr6xdyejv6qh	Flash #83	DC Comics	gcd:53852
cmoe4c9qo07airr6xtk51kmmp	Birthright #42	Image Comics	gcd:2080065
cmoe4c9qq07akrr6xmblyzwxb	Birthright #43	Image Comics	gcd:2128489
cmoe4c9qt07amrr6xx5qvdi94	Birthright #44	Image Comics	gcd:2128488
cmoe4c9qv07aorr6x2k7iilo6	Birthright #45	Image Comics	gcd:2128487
cmoe4c9qx07aqrr6xuym0mtcj	Birthright #46	Image Comics	gcd:2220211
cmoe4c9qz07asrr6xgr98z1tj	Birthright #47	Image Comics	gcd:2220212
cmoe4c9rn07avrr6xzvo2mozk	Birthright #48	Image Comics	gcd:2220213
cmoe4c9od078grr6xgk4b3iie	Birthright #5	Image Comics	gcd:1324390
cmoe4c71206vxrr6x19ezj54m	Chew #27, Second Helping Edition	Image Comics	gcd:953439
cmoe4cfzw07v4rr6xnjj3gk55	Deadly Class #22	Image Comics	gcd:1634216
cmoe4cg0d07v6rr6xwtxiskvh	Deadly Class #23	Image Comics	gcd:1646907
cmoe4cg0s07v8rr6x9sf64uhw	Deadly Class #24	Image Comics	gcd:1655534
cmoe4cg1907varr6xactilxka	Deadly Class #25	Image Comics	gcd:1661912
cmoe4cg1j07vcrr6x42rzdtwo	Deadly Class #26	Image Comics	gcd:1672477
cmoe4cg1r07verr6xxe5bcbxe	Deadly Class #27	Image Comics	gcd:1688590
cmoe4cg2207vgrr6xyd4m8tc2	Deadly Class #28	Image Comics	gcd:1708537
cmoe4cg2o07virr6x75hup2ix	Deadly Class #29	Image Comics	gcd:1721394
cmoe4cg3407vkrr6xm13ywtib	Deadly Class #30	Image Comics	gcd:1731301
cmoe4cg3g07vmrr6xioafzyk5	Deadly Class #31	Image Comics	gcd:1745365
cmoe4cg3w07vorr6xdpsr80rl	Deadly Class #32	Image Comics	gcd:1791714
cmoe4cg4a07vqrr6xsdw529jv	Deadly Class #33	Image Comics	gcd:1799701
cmoe4cg4q07vsrr6x9ckwxbyw	Deadly Class #34	Image Comics	gcd:1810603
cmoe4cg5407vurr6xbafze3x3	Deadly Class #35	Image Comics	gcd:1821414
cmoe4cg5i07vwrr6xyi6e2vmk	Deadly Class #36	Image Comics	gcd:1905175
cmoe4cg5s07vyrr6xl6xpui2m	Deadly Class #37	Image Comics	gcd:1932663
cmoe4cg5z07w0rr6xh8pxmw2r	Deadly Class #38	Image Comics	gcd:1961062
cmoe4cg6h07w2rr6xin71mv9v	Deadly Class #39	Image Comics	gcd:1980630
cmoe4cg6x07w4rr6x6u6fcd5u	Deadly Class #40	Image Comics	gcd:2017303
cmoe4cg7507w6rr6x4721811v	Deadly Class #41	Image Comics	gcd:2035107
cmoe4cg7f07w8rr6x8xazwa45	Deadly Class #42	Image Comics	gcd:2046553
cmoe4cg7s07warr6xol2m6kjm	Deadly Class #43	Image Comics	gcd:2071729
cmoe4cg8507wcrr6xrfog97ev	Deadly Class #44	Image Comics	gcd:2211225
cmoe4caaw07i1rr6xc2bodw8g	East of West #35	Image Comics	gcd:1759137
cmoe4cab007i3rr6x8i8tmfcj	East of West #36	Image Comics	gcd:1789962
cmoe4cab507i5rr6xneq8laar	East of West #37	Image Comics	gcd:1805510
cmoe4caba07i7rr6xxyz9elqq	East of West #38	Image Comics	gcd:1825345
cmoe4cabe07i9rr6x2blswj1q	East of West #39	Image Comics	gcd:1859274
cmoe4cabj07ibrr6x8j27ach8	East of West #40	Image Comics	gcd:1880451
cmoe4cabn07idrr6x2vxlahdh	East of West #41	Image Comics	gcd:1925774
cmoe4cabs07ifrr6xkhgq77l8	East of West #42	Image Comics	gcd:1950539
cmoe4cabx07ihrr6x3ougrjpi	East of West #43	Image Comics	gcd:2017304
cmoe4cac307ijrr6x1pae4yqh	East of West #44	Image Comics	gcd:2041918
cmoe4cac807ilrr6xk731lwfn	East of West #45	Image Comics	gcd:2051895
cmoe4c2pz06k8rr6xml3d60ug	Elephantmen #0	Image Comics	gcd:541513
cmoe4c2rb06kkrr6x82ukh0yn	Elephantmen #10	Image Comics	gcd:369415
cmoe4c2re06kmrr6x9lh6x2ig	Elephantmen #11	Image Comics	gcd:382622
cmoe4c2rh06korr6xvjoebmis	Elephantmen #12	Image Comics	gcd:541514
cmoe4c2rk06kqrr6xc8dtayoy	Elephantmen #13	Image Comics	gcd:541515
cmoe4c2rm06ksrr6xz9y15d7d	Elephantmen #14	Image Comics	gcd:541516
cmoe4c2ro06kurr6xcb1cdoj9	Elephantmen #15	Image Comics	gcd:612812
cmoe4c2rt06kwrr6xglfhcitf	Elephantmen #16	Image Comics	gcd:612813
cmoe4c2rv06kyrr6x1p4adtuy	Elephantmen #17	Image Comics	gcd:612814
cmoe4c2rx06l0rr6xxzh8qrd7	Elephantmen #18	Image Comics	gcd:612815
cmoe4c2s006l2rr6xfc3ass1j	Elephantmen #19	Image Comics	gcd:646336
cmoe4c2s206l4rr6x5bu61f0s	Elephantmen #20	Image Comics	gcd:646337
cmoe4c2s406l6rr6x89aoupzl	Elephantmen #21	Image Comics	gcd:676542
cmoe4c2s706l8rr6x5v88g8l5	Elephantmen #22	Image Comics	gcd:690387
cmoe4c2s906larr6xobcp2c0x	Elephantmen #23	Image Comics	gcd:690388
cmoe4c2sb06lcrr6xyfc4nf4k	Elephantmen #24	Image Comics	gcd:732986
cmoe4c2sd06lerr6x5y4s0rqq	Elephantmen #25	Image Comics	gcd:747750
cmoe4c2sg06lgrr6x2bo7vmaf	Elephantmen #26	Image Comics	gcd:765423
cmoe4c2si06lirr6xrqt9ly3m	Elephantmen #27	Image Comics	gcd:780334
cmoe4c2st06lkrr6xdxvfml6m	Elephantmen #28	Image Comics	gcd:787951
cmoe4c2t506lmrr6x4fv84idx	Elephantmen #29	Image Comics	gcd:794949
cmoe4c2pi06k4rr6xf61tp4f1	Elephantmen #3	Image Comics	gcd:300963
cmoe4c2ti06lorr6xzn2dwu11	Elephantmen #30	Image Comics	gcd:812207
cmoe4c2u006lqrr6xi70eatof	Elephantmen #31	Image Comics	gcd:832949
cmoe4c2uj06lsrr6xrawemgsv	Elephantmen #32	Image Comics	gcd:853021
cmoe4c2uo06lurr6x01o7lwqk	Elephantmen #33	Image Comics	gcd:860767
cmoe4c2ux06lwrr6x175b39w3	Elephantmen #34	Image Comics	gcd:873358
cmoe4c2v206lyrr6x239pbbcx	Elephantmen #35	Image Comics	gcd:879949
cmoe4c2v906m0rr6xto4deu0r	Elephantmen #36	Image Comics	gcd:894692
cmoe4c2vk06m2rr6xgkaudolx	Elephantmen #37	Image Comics	gcd:906598
cmoe4c2w206m4rr6xeqr7jw1b	Elephantmen #38	Image Comics	gcd:933517
cmoe4c2wh06m6rr6xqalusxn0	Elephantmen #39	Image Comics	gcd:946699
cmoe4c2po06k6rr6xk8580y1i	Elephantmen #4	Image Comics	gcd:321128
cmoe4c2wy06m8rr6xwf3qvtem	Elephantmen #40	Image Comics	gcd:953442
cmoe4c2x906marr6x5vpln3ni	Elephantmen #41	Image Comics	gcd:974107
cmoe4c2xf06mcrr6x0sbdqfi9	Elephantmen #42	Image Comics	gcd:990964
cmoe4c2xw06merr6xe3vph00e	Elephantmen #43	Image Comics	gcd:1011373
cmoe4c2ya06mgrr6x8mz26bf3	Elephantmen #44	Image Comics	gcd:1032782
cmoe4c2yu06mirr6x6k1h5dg5	Elephantmen #45	Image Comics	gcd:1051664
cmoe4c2z706mkrr6xylbtgvcm	Elephantmen #46	Image Comics	gcd:1072922
cmoe4c2zf06mmrr6xa89g0kz1	Elephantmen #47	Image Comics	gcd:1095387
cmoe4c30e06mprr6xwykcwscy	Elephantmen #48	Image Comics	gcd:1116761
cmoe4c30w06mrrr6xzj35tn41	Elephantmen #49	Image Comics	gcd:1123975
cmoe4c2q406karr6xi425ap28	Elephantmen #5	Image Comics	gcd:321129
cmoe4c31c06mtrr6xjfy5xwes	Elephantmen #50	Image Comics	gcd:1129315
cmoe4c31h06mvrr6xpss2m0l9	Elephantmen #51	Image Comics	gcd:1143326
cmoe4c31m06mxrr6x9qpquw6i	Elephantmen #52	Image Comics	gcd:1165652
cmoe4c31u06mzrr6x1h4cq4ii	Elephantmen #53	Image Comics	gcd:1172600
cmoe4c31w06n1rr6xumhygcw2	Elephantmen #54	Image Comics	gcd:1182885
cmoe4c31y06n3rr6x47pge902	Elephantmen #55	Image Comics	gcd:1194756
cmoe4c32606n5rr6xdt6xejka	Elephantmen #56	Image Comics	gcd:1201160
cmoe4c32806n7rr6xksqvkkrz	Elephantmen #57	Image Comics	gcd:1208425
cmoe4c32b06n9rr6xl45oad0a	Elephantmen #58	Image Comics	gcd:1225597
cmoe4c32d06nbrr6xc7oysain	Elephantmen #59	Image Comics	gcd:1249532
cmoe4c2qc06kcrr6x709v1at4	Elephantmen #6	Image Comics	gcd:321130
cmoe4c32f06ndrr6xayua7t8k	Elephantmen #60	Image Comics	gcd:1265506
cmoe4c32h06nfrr6xn5zq6b3a	Elephantmen #61	Image Comics	gcd:1301066
cmoe4c32k06nhrr6xoz4u7x26	Elephantmen #62	Image Comics	gcd:1322237
cmoe4c32m06njrr6x6mi48wiq	Elephantmen #63	Image Comics	gcd:1339820
cmoe4c32o06nlrr6xes2emvac	Elephantmen #64	Image Comics	gcd:1353181
cmoe4c32q06nnrr6xj98a1f4d	Elephantmen #65	Image Comics	gcd:1435805
cmoe4c32z06nvrr6xn0plv5vz	Elephantmen #69	Image Comics	gcd:1548480
cmoe4c2ql06kerr6xms6mhp7p	Elephantmen #7	Image Comics	gcd:361046
cmoe4c33206nxrr6xqt6hn1wj	Elephantmen #70	Image Comics	gcd:1562820
cmoe4c33406nzrr6xafgyucbd	Elephantmen #71	Image Comics	gcd:1577707
cmoe4c33606o1rr6x4gwcj61f	Elephantmen #72	Image Comics	gcd:1614236
cmoe4c33906o3rr6x66h0y9me	Elephantmen #73	Image Comics	gcd:1641396
cmoe4c33b06o5rr6x2uohv70w	Elephantmen #74	Image Comics	gcd:1661922
cmoe4c33d06o7rr6xj0kwxhry	Elephantmen #75	Image Comics	gcd:1680927
cmoe4c33g06o9rr6xlcmm42fu	Elephantmen #76	Image Comics	gcd:1689524
cmoe4c33i06obrr6xjpt7fuu6	Elephantmen #77	Image Comics	gcd:1719077
cmoe4c33k06odrr6x69scz4g1	Elephantmen #78	Image Comics	gcd:1741444
cmoe4c33n06ofrr6x5kvrl241	Elephantmen #79	Image Comics	gcd:1760982
cmoe4c2qt06kgrr6xq2zrwu4u	Elephantmen #8	Image Comics	gcd:361047
cmoe4c33p06ohrr6xao2s1sgr	Elephantmen #80	Image Comics	gcd:1779278
cmoe4c2r106kirr6xbx3wo3lq	Elephantmen #9	Image Comics	gcd:361285
cmoe4caln0b99pe1dp6dyb8w0	Morning Glories #1	Image Comics	gcd:771766
cmoe4caom0b9rpe1dp5b8xh8f	Morning Glories #10	Image Comics	gcd:846855
cmoe4caou0b9tpe1dzrd11xsp	Morning Glories #11	Image Comics	gcd:868006
cmoe4cap60b9vpe1dcx8jmikd	Morning Glories #12	Image Comics	gcd:874765
cmoe4caph0b9xpe1dntqc3uxj	Morning Glories #13	Image Comics	gcd:885851
cmoe4capt0b9zpe1dmcqef560	Morning Glories #14	Image Comics	gcd:894694
cmoe4caq50ba1pe1d5b8zao76	Morning Glories #15	Image Comics	gcd:905548
cmoe4caqd0ba3pe1dapz2ws6e	Morning Glories #16	Image Comics	gcd:922479
cmoe4caqj0ba5pe1d6lr2u5c1	Morning Glories #17	Image Comics	gcd:933518
cmoe4caqm0ba7pe1dusuasw31	Morning Glories #18	Image Comics	gcd:943223
cmoe4caqo0ba9pe1dovvdet73	Morning Glories #19	Image Comics	gcd:951422
cmoe4cam50b9bpe1da0jxtgbu	Morning Glories #2	Image Comics	gcd:778761
cmoe4caqr0babpe1disj45il5	Morning Glories #20	Image Comics	gcd:956077
cmoe4car00badpe1dupaw01gi	Morning Glories #21	Image Comics	gcd:996645
cmoe4car30bafpe1di09dtpb2	Morning Glories #22	Image Comics	gcd:1015188
cmoe4car50bahpe1d2tnw7r7q	Morning Glories #23	Image Comics	gcd:1036041
cmoe4car80bajpe1dxrbk811w	Morning Glories #24	Image Comics	gcd:1072930
cmoe4cara0balpe1dxlne05jh	Morning Glories #25	Image Comics	gcd:1096823
cmoe4carc0banpe1dnr8z9qrb	Morning Glories #26	Image Comics	gcd:1106024
cmoe4carf0bappe1d2kuxzmnc	Morning Glories #27	Image Comics	gcd:1116801
cmoe4carh0barpe1d1kaozaqr	Morning Glories #28	Image Comics	gcd:1123983
cmoe4cark0batpe1d5gcs4m44	Morning Glories #29	Image Comics	gcd:1132476
cmoe4camk0b9dpe1djjfpcn11	Morning Glories #3	Image Comics	gcd:782708
cmoe4carm0bavpe1did0sutq8	Morning Glories #30	Image Comics	gcd:1139372
cmoe4caro0baxpe1dxohsgs2j	Morning Glories #31	Image Comics	gcd:1141773
cmoe4carq0bazpe1dnuqtk7ud	Morning Glories #32	Image Comics	gcd:1143331
cmoe4cart0bb1pe1dgl35xtwm	Morning Glories #33	Image Comics	gcd:1148196
cmoe4carv0bb3pe1dqeybvg1z	Morning Glories #34	Image Comics	gcd:1156830
cmoe4carx0bb5pe1dlo381p09	Morning Glories #35	Image Comics	gcd:1164962
cmoe4carz0bb7pe1downdev12	Morning Glories #36	Image Comics	gcd:1172675
cmoe4cas20bb9pe1dn09mknab	Morning Glories #37	Image Comics	gcd:1180312
cmoe4cas40bbbpe1d4eg9wlif	Morning Glories #38	Image Comics	gcd:1197860
cmoe4cas60bbdpe1d1gt79jwj	Morning Glories #39	Image Comics	gcd:1225599
cmoe4camu0b9fpe1dkoiqvwac	Morning Glories #4	Image Comics	gcd:787916
cmoe4cas80bbfpe1dx26tzf9n	Morning Glories #40	Image Comics	gcd:1251447
cmoe4casb0bbhpe1ddvek7or9	Morning Glories #41	Image Comics	gcd:1260212
cmoe4casd0bbjpe1ds5vsm5qr	Morning Glories #42	Image Comics	gcd:1281124
cmoe4casf0bblpe1d5jdd62xs	Morning Glories #43	Image Comics	gcd:1326639
cmoe4cash0bbnpe1dsp2t1hgk	Morning Glories #44	Image Comics	gcd:1333442
cmoe4casj0bbppe1dinjote6v	Morning Glories #45	Image Comics	gcd:1343227
cmoe4cat90bbspe1d50ebicvj	Morning Glories #46	Image Comics	gcd:1377391
cmoe4catb0bbupe1dk0x8bfjy	Morning Glories #47	Image Comics	gcd:1445581
cmoe4can30b9hpe1djh5t4vj2	Morning Glories #5	Image Comics	gcd:794316
cmoe4cati0bc0pe1dat19aqh9	Morning Glories #50	Image Comics	gcd:1603763
cmoe4cani0b9jpe1dnfbq4i6u	Morning Glories #6	Image Comics	gcd:797805
cmoe4cans0b9lpe1d4kbhscnx	Morning Glories #7	Image Comics	gcd:808060
cmoe4cao30b9npe1dilpoicza	Morning Glories #8	Image Comics	gcd:814197
cmoe4caod0b9ppe1du0q0vf9l	Morning Glories #9	Image Comics	gcd:824310
cmoe4catk0bc2pe1d13rlc0oh	Outcast by Kirkman & Azaceta #1	Image Comics	gcd:1218291
cmoe4cauv0bckpe1dev1jp67h	Outcast by Kirkman & Azaceta #10	Image Comics	gcd:1430944
cmoe4cauz0bcmpe1dcex4669s	Outcast by Kirkman & Azaceta #11	Image Comics	gcd:1445579
cmoe4cav40bcope1dvawmtylh	Outcast by Kirkman & Azaceta #12	Image Comics	gcd:1456929
cmoe4cav80bcqpe1df3aynnqr	Outcast by Kirkman & Azaceta #13	Image Comics	gcd:1504132
cmoe4cavc0bcspe1dbvf2kmwf	Outcast by Kirkman & Azaceta #14	Image Comics	gcd:1514992
cmoe4cavg0bcupe1dm9k2vsjp	Outcast by Kirkman & Azaceta #15	Image Comics	gcd:1527023
cmoe4cavl0bcwpe1dx9fuisan	Outcast by Kirkman & Azaceta #16	Image Comics	gcd:1538952
cmoe4cavp0bcype1dmul8wng3	Outcast by Kirkman & Azaceta #17	Image Comics	gcd:1547519
cmoe4cavu0bd0pe1dxc2j0yyp	Outcast by Kirkman & Azaceta #18	Image Comics	gcd:1560104
cmoe4cavy0bd2pe1d8mjvuba2	Outcast by Kirkman & Azaceta #19	Image Comics	gcd:1608285
cmoe4catw0bc4pe1dm8n6yl1g	Outcast by Kirkman & Azaceta #2	Image Comics	gcd:1245350
cmoe4caw00bd4pe1dejbf30v3	Outcast by Kirkman & Azaceta #20	Image Comics	gcd:1618644
cmoe4caw20bd6pe1dl0vuchdq	Outcast by Kirkman & Azaceta #21	Image Comics	gcd:1631797
cmoe4caw40bd8pe1dl5z47wax	Outcast by Kirkman & Azaceta #22	Image Comics	gcd:1641403
cmoe4caw70bdape1dmxbro7p8	Outcast by Kirkman & Azaceta #23	Image Comics	gcd:1653771
cmoe4caw90bdcpe1dvsx5w7id	Outcast by Kirkman & Azaceta #24	Image Comics	gcd:1665763
cmoe4cawb0bdepe1daqxmhtsh	Outcast by Kirkman & Azaceta #25	Image Comics	gcd:1676607
cmoe4cawf0bdgpe1dsb2tdz1v	Outcast by Kirkman & Azaceta #26	Image Comics	gcd:1687667
cmoe4cawi0bdipe1dbn3gwebk	Outcast by Kirkman & Azaceta #27	Image Comics	gcd:1697886
cmoe4cawk0bdkpe1d2lb0wixi	Outcast by Kirkman & Azaceta #28	Image Comics	gcd:1714254
cmoe4cawm0bdmpe1dumciwy0z	Outcast by Kirkman & Azaceta #29	Image Comics	gcd:1727177
cmoe4cau10bc6pe1dlhz6o67o	Outcast by Kirkman & Azaceta #3	Image Comics	gcd:1248323
cmoe4cawo0bdope1dwaxui7bq	Outcast by Kirkman & Azaceta #30	Image Comics	gcd:1734520
cmoe4cawr0bdqpe1d88no6t90	Outcast by Kirkman & Azaceta #31	Image Comics	gcd:1745388
cmoe4cawt0bdspe1d4rnna3en	Outcast by Kirkman & Azaceta #32	Image Comics	gcd:1772240
cmoe4cawv0bdupe1d6qaqhgsg	Outcast by Kirkman & Azaceta #33	Image Comics	gcd:1779281
cmoe4cawy0bdwpe1d9ptw9rfi	Outcast by Kirkman & Azaceta #34	Image Comics	gcd:1793790
cmoe4cax00bdype1da3h0imvm	Outcast by Kirkman & Azaceta #35	Image Comics	gcd:1807134
cmoe4cax20be0pe1d1lr94rs3	Outcast by Kirkman & Azaceta #36	Image Comics	gcd:1821422
cmoe4cax40be2pe1dk5uw2qmi	Outcast by Kirkman & Azaceta #37	Image Comics	gcd:1885177
cmoe4cax70be4pe1da3w6b29s	Outcast by Kirkman & Azaceta #38	Image Comics	gcd:1910722
cmoe4cax90be6pe1d0rh8kflj	Outcast by Kirkman & Azaceta #39	Image Comics	gcd:1929813
cmoe4cau50bc8pe1dfdzas7nh	Outcast by Kirkman & Azaceta #4	Image Comics	gcd:1256176
cmoe4caxb0be8pe1dyhi087aq	Outcast by Kirkman & Azaceta #40	Image Comics	gcd:1942516
cmoe4caxd0beape1ds5ru5f3f	Outcast by Kirkman & Azaceta #41	Image Comics	gcd:1955551
cmoe4caxg0becpe1dg9ykjr5f	Outcast by Kirkman & Azaceta #42	Image Comics	gcd:2006206
cmoe4caxi0beepe1dfzxjwp7i	Outcast by Kirkman & Azaceta #43	Image Comics	gcd:2051897
cmoe4caxk0begpe1d108hgj6a	Outcast by Kirkman & Azaceta #44	Image Comics	gcd:2060194
cmoe4caxn0beipe1dfk9jjst9	Outcast by Kirkman & Azaceta #45	Image Comics	gcd:2123173
cmoe4c9nt0782rr6xs1ptrsx2	Outcast by Kirkman & Azaceta #46	Image Comics	gcd:2149574
cmoe4c9nw0784rr6xs5nr9ioi	Outcast by Kirkman & Azaceta #47	Image Comics	gcd:2182687
cmoe4c9ny0786rr6xmgxibc0s	Outcast by Kirkman & Azaceta #48	Image Comics	gcd:2224225
cmoe4cau90bcape1du10v0e77	Outcast by Kirkman & Azaceta #5	Image Comics	gcd:1279713
cmoe4caue0bccpe1dsw2yrrlh	Outcast by Kirkman & Azaceta #6	Image Comics	gcd:1297044
cmoe4caui0bcepe1dv25ttsav	Outcast by Kirkman & Azaceta #7	Image Comics	gcd:1331162
cmoe4caum0bcgpe1dmjn9g4om	Outcast by Kirkman & Azaceta #8	Image Comics	gcd:1343229
cmoe4cauq0bcipe1dtdn4hk7b	Outcast by Kirkman & Azaceta #9	Image Comics	gcd:1376030
cmoe4ca1a07eirr6xvfir2yoq	PvP #0	Image Comics	gcd:260195
cmoe4ca1007earr6x1e50khpl	PvP #14	Image Comics	gcd:260182
cmoe4ca1407eerr6x65z5kyi8	PvP #16	Image Comics	gcd:260184
cmoe4c9zo07dorr6xf7045k2n	PvP #3	Image Comics	gcd:260171
cmoe4ca3y07fsrr6xtzusb7qb	PvP #40	Image Comics	gcd:543030
cmoe4ca4107furr6x10ujib1t	PvP #41	Image Comics	gcd:545508
cmoe4ca4307fwrr6xn9nes0yw	PvP #42	Image Comics	gcd:647764
cmoe4ca4507fyrr6x47kudxlm	PvP #43	Image Comics	gcd:703402
cmoe4ca4807g0rr6xs22si17t	PvP #44	Image Comics	gcd:728259
cmoe4ca4a07g2rr6xwrxl8kfb	PvP #45	Image Comics	gcd:740689
cmoe4c9zu07dsrr6xmnpijers	PvP #5	Image Comics	gcd:260173
cmoe4ca0707durr6xrr9rcgc1	PvP #6	Image Comics	gcd:260174
cmoe4ca0l07dwrr6x1vwd93v1	PvP #7	Image Comics	gcd:260175
cmoe4ca0n07dyrr6xz29qu7je	PvP #8	Image Comics	gcd:260176
cmoe4c9rq07axrr6xk272e505	Revival #1	Image Comics	gcd:991377
cmoe4c9y707czrr6xm2bfuwlz	Revival #38	Image Comics	gcd:1548483
cmoe4c9ya07d1rr6xpczwaad2	Revival #39	Image Comics	gcd:1562816
cmoe4c9yc07d3rr6xnmiqiizo	Revival #40	Image Comics	gcd:1579474
cmoe4c9ye07d5rr6xw0izs3jq	Revival #41	Image Comics	gcd:1601340
cmoe4c9yh07d7rr6xwaupxha1	Revival #42	Image Comics	gcd:1621564
cmoe4c9yj07d9rr6xqcrfy5wi	Revival #43	Image Comics	gcd:1631854
cmoe4c9yl07dbrr6xkc5p4rfz	Revival #44	Image Comics	gcd:1646912
cmoe4c9yn07ddrr6xuk0vdooh	Revival #45	Image Comics	gcd:1657990
cmoe4c9yp07dfrr6x5je03hrf	Revival #46	Image Comics	gcd:1670399
cmoe4c9ys07dhrr6x6e6m15rt	Revival #47	Image Comics	gcd:1676602
cmoe4c7ni070arr6xjcdoxvp4	Saga #45	Image Comics	gcd:1724147
cmoe4c7nl070crr6xtjvenb99	Saga #46	Image Comics	gcd:1731304
cmoe4c7nr070err6xrau11dde	Saga #47	Image Comics	gcd:1736925
cmoe4c7nu070grr6x8ermkwh5	Saga #48	Image Comics	gcd:1745390
cmoe4c7nw070irr6xlakse7ux	Saga #49	Image Comics	gcd:1788914
cmoe4c7nz070krr6xsq9xyhrm	Saga #50	Image Comics	gcd:1796716
cmoe4c7o2070mrr6x95jp4zg6	Saga #51	Image Comics	gcd:1801239
cmoe4c7o4070orr6x9w57v3jc	Saga #52	Image Comics	gcd:1812616
cmoe4c7ob070qrr6xi3jq73s9	Saga #53	Image Comics	gcd:1821439
cmoe4c7oj070srr6x9ffpnb7n	Saga #54	Image Comics	gcd:1827316
cmoe4br8y09ukpe1dzpywjwby	Savage Dragon #13[a]	Image Comics	gcd:55828
cmoe4brbd09v0pe1dgf8kk0he	Savage Dragon #13[b]	Image Comics	gcd:57172
cmoe4brab09uspe1d56lpzebj	Savage Dragon #17 [A]	Image Comics	gcd:954342
cmoe4brap09uupe1db27u3h63	Savage Dragon #17 [B]	Image Comics	gcd:56571
cmoe4br2409svpe1d0g9az29h	Spawn #299	Image Comics	gcd:2004993
cmoe4ca0g0b6kpe1d5f1ravo2	Stormwatch #0	Image Comics	gcd:53383
cmoe4c9yu0b6epe1dtk2o9n8h	Stormwatch #1	Image Comics	gcd:52683
cmoe4ca4f0b70pe1d3x6jnw01	Stormwatch #10	Image Comics	gcd:55197
cmoe4ca4x0b72pe1dnoa52kn5	Stormwatch #11	Image Comics	gcd:55510
cmoe4ca5e0b74pe1d67h6c8jp	Stormwatch #12	Image Comics	gcd:55597
cmoe4ca5w0b76pe1dr9h8ha06	Stormwatch #13	Image Comics	gcd:55664
cmoe4ca6h0b78pe1dqao9hke1	Stormwatch #14	Image Comics	gcd:55749
cmoe4ca6z0b7ape1djiehcjrb	Stormwatch #15	Image Comics	gcd:55830
cmoe4ca8f0b7cpe1d6yczf9pu	Stormwatch #16	Image Comics	gcd:55988
cmoe4ca8w0b7epe1d9v1vnh9r	Stormwatch #17	Image Comics	gcd:56150
cmoe4ca9h0b7gpe1d5jen5jfi	Stormwatch #18	Image Comics	gcd:56416
cmoe4caa00b7ipe1dgvs6ii06	Stormwatch #19	Image Comics	gcd:56575
cmoe4c9zc0b6gpe1dkwx4acf1	Stormwatch #2	Image Comics	gcd:52964
cmoe4caak0b7kpe1d52h3uxg3	Stormwatch #20	Image Comics	gcd:56726
cmoe4cab30b7mpe1d4tvyfsg3	Stormwatch #21	Image Comics	gcd:56883
cmoe4cabp0b7ope1ds44nok0d	Stormwatch #22	Image Comics	gcd:174864
cmoe4cacc0b7qpe1d0065hisb	Stormwatch #23	Image Comics	gcd:174865
cmoe4cacy0b7spe1dtqg5riq3	Stormwatch #24	Image Comics	gcd:174866
cmoe4ca3v0b6ype1do56bwpa7	Stormwatch #25	Image Comics	gcd:55040
cmoe4cadu0b7upe1drvdmpwi5	Stormwatch #26	Image Comics	gcd:174867
cmoe4cadx0b7wpe1d3ze5zkmt	Stormwatch #27	Image Comics	gcd:174868
cmoe4cae00b7ype1dl1hy2yt0	Stormwatch #28	Image Comics	gcd:174869
cmoe4cae50b80pe1dvbqtid1n	Stormwatch #29	Image Comics	gcd:174870
cmoe4c9zw0b6ipe1db5o3ywlm	Stormwatch #3	Image Comics	gcd:53287
cmoe4caer0b82pe1d1ow493mi	Stormwatch #30	Image Comics	gcd:174871
cmoe4cafb0b84pe1d30rswel7	Stormwatch #31	Image Comics	gcd:174872
cmoe4cafe0b86pe1d97ufc0sg	Stormwatch #32	Image Comics	gcd:174873
cmoe4cafg0b88pe1d8gqrvsvn	Stormwatch #33	Image Comics	gcd:174874
cmoe4cafj0b8ape1dq5c3xx1s	Stormwatch #34	Image Comics	gcd:174875
cmoe4cafm0b8cpe1did8ui59g	Stormwatch #35	Image Comics	gcd:174876
cmoe4cafp0b8epe1d2l0u9z4a	Stormwatch #36	Image Comics	gcd:174877
cmoe4cagb0b8gpe1d3fj0mspi	Stormwatch #37	Image Comics	gcd:59073
cmoe4cags0b8ipe1dj3mbri33	Stormwatch #38	Image Comics	gcd:59196
cmoe4cah30b8kpe1dm99bhfo8	Stormwatch #39	Image Comics	gcd:59212
cmoe4ca0u0b6mpe1dp8sq1jk5	Stormwatch #4	Image Comics	gcd:53448
cmoe4cahb0b8mpe1dotbobifg	Stormwatch #40	Image Comics	gcd:59404
cmoe4cahn0b8ope1dc43b7avp	Stormwatch #41	Image Comics	gcd:59424
cmoe4cahx0b8qpe1dqssztt97	Stormwatch #42	Image Comics	gcd:59514
cmoe4caib0b8spe1dyfcdkeew	Stormwatch #43	Image Comics	gcd:59634
cmoe4caih0b8upe1dhcyvfvlo	Stormwatch #44	Image Comics	gcd:59854
cmoe4caim0b8wpe1d6zva4fgc	Stormwatch #45	Image Comics	gcd:59977
cmoe4cajh0b8zpe1dtgho0vd5	Stormwatch #46	Image Comics	gcd:60086
cmoe4cajw0b91pe1dsqr91s2e	Stormwatch #47	Image Comics	gcd:60315
cmoe4cak60b93pe1d969wwblk	Stormwatch #48	Image Comics	gcd:60332
cmoe4cakp0b95pe1dkjmse8zm	Stormwatch #49	Image Comics	gcd:60417
cmoe4ca1b0b6ope1d03zpljz1	Stormwatch #5	Image Comics	gcd:53936
cmoe4cal40b97pe1dq1hxm0f4	Stormwatch #50	Image Comics	gcd:60541
cmoe4ca1s0b6qpe1dvksiia1h	Stormwatch #6	Image Comics	gcd:54381
cmoe4ca280b6spe1dpnzjl4ss	Stormwatch #7	Image Comics	gcd:54550
cmoe4ca2r0b6upe1d26qu1kqn	Stormwatch #8	Image Comics	gcd:54707
cmoe4ca3a0b6wpe1dp6bfqdvv	Stormwatch #9	Image Comics	gcd:54883
cmoe4c860075qrr6xtepxejft	The Darkness #100	Image Comics	gcd:924946
cmoe4c862075srr6xo5yy6ba6	The Darkness #101	Image Comics	gcd:932067
cmoe4c865075urr6x1fufnvrw	The Darkness #102	Image Comics	gcd:941125
cmoe4c868075wrr6xyretmq44	The Darkness #103	Image Comics	gcd:944801
cmoe4c86a075yrr6xzgtcvu3n	The Darkness #104	Image Comics	gcd:953445
cmoe4c86c0760rr6xqzbgppyk	The Darkness #105	Image Comics	gcd:968122
cmoe4c86f0762rr6x0vhwfyzm	The Darkness #106	Image Comics	gcd:999053
cmoe4c86h0764rr6xx26sdygl	The Darkness #107	Image Comics	gcd:1016250
cmoe4c86j0766rr6xi05xsdmn	The Darkness #108	Image Comics	gcd:1034790
cmoe4c86m0768rr6xkxqs4880	The Darkness #109	Image Comics	gcd:1042220
cmoe4c86o076arr6xdn5v60du	The Darkness #110	Image Comics	gcd:1060979
cmoe4c86q076crr6x2ari6w87	The Darkness #111	Image Comics	gcd:1094549
cmoe4c86s076err6xo0r3zasy	The Darkness #112	Image Comics	gcd:1106069
cmoe4c86v076grr6xfourbs59	The Darkness #113	Image Comics	gcd:1119139
cmoe4c86x076irr6xtaywg7yl	The Darkness #114	Image Comics	gcd:1127388
cmoe4c9uk0b3dpe1d1o8z94rz	The Darkness #115	Image Comics	gcd:1141776
cmoe4c9um0b3fpe1da6ifdc0o	The Darkness #116	Image Comics	gcd:1168386
cmoe4c848074crr6xxa5bn72n	The Darkness #75	Image Comics	gcd:782369
cmoe4c84b074err6xhfu3rm0n	The Darkness #76	Image Comics	gcd:782370
cmoe4c84e074grr6xche8mjiw	The Darkness #77	Image Comics	gcd:782371
cmoe4c84h074irr6x9lz18v94	The Darkness #78	Image Comics	gcd:782372
cmoe4c84k074krr6xi6uebsc0	The Darkness #79	Image Comics	gcd:782373
cmoe4c84n074mrr6xtsnkbe0o	The Darkness #80	Image Comics	gcd:782374
cmoe4c84p074orr6xs602dbba	The Darkness #81	Image Comics	gcd:782375
cmoe4c84s074qrr6xbs2g66j9	The Darkness #82	Image Comics	gcd:782376
cmoe4c84u074srr6xywnqngso	The Darkness #83	Image Comics	gcd:782377
cmoe4c84x074urr6xubwdwb9n	The Darkness #84	Image Comics	gcd:782378
cmoe4c84z074wrr6xeiewdm4t	The Darkness #85	Image Comics	gcd:782379
cmoe4c852074yrr6xg9ois25k	The Darkness #86	Image Comics	gcd:782380
cmoe4c8540750rr6x3x5zgmfp	The Darkness #87	Image Comics	gcd:791630
cmoe4c8570752rr6x5fq88e4d	The Darkness #88	Image Comics	gcd:795614
cmoe4c8590754rr6x3v5547kr	The Darkness #89	Image Comics	gcd:799491
cmoe4c85c0756rr6xfcjgc111	The Darkness #90	Image Comics	gcd:811247
cmoe4c85e0758rr6x5l6t9gzb	The Darkness #91	Image Comics	gcd:841167
cmoe4c85h075arr6xwpgf299i	The Darkness #92	Image Comics	gcd:860766
cmoe4c85j075crr6xxoqzafz4	The Darkness #93	Image Comics	gcd:878118
cmoe4c85m075err6x700tf5y4	The Darkness #94	Image Comics	gcd:888633
cmoe4c85o075grr6xicmwefwl	The Darkness #95	Image Comics	gcd:899416
cmoe4c85q075irr6xnx9dcau6	The Darkness #96	Image Comics	gcd:901951
cmoe4c85t075krr6xzs0avy34	The Darkness #97	Image Comics	gcd:904829
cmoe4c85v075mrr6xy9hizp3s	The Darkness #98	Image Comics	gcd:906602
cmoe4c85x075orr6xy0wa3v6j	The Darkness #99	Image Comics	gcd:920771
cmoe4c9up0b3hpe1d5azgw93v	The Walking Dead Weekly #1	Image Comics	gcd:796275
cmoe4c9va0b3zpe1dnqqwto7g	The Walking Dead Weekly #10	Image Comics	gcd:812213
cmoe4c9vc0b41pe1dctzkqf73	The Walking Dead Weekly #11	Image Comics	gcd:814198
cmoe4c9ve0b43pe1dv1y5eadu	The Walking Dead Weekly #12	Image Comics	gcd:814919
cmoe4c9vh0b45pe1d69f4tzwb	The Walking Dead Weekly #13	Image Comics	gcd:815729
cmoe4c9vj0b47pe1dq297xz5o	The Walking Dead Weekly #14	Image Comics	gcd:817100
cmoe4c9vl0b49pe1d3abveuln	The Walking Dead Weekly #15	Image Comics	gcd:817800
cmoe4c9vn0b4bpe1d0dnq2k3o	The Walking Dead Weekly #16	Image Comics	gcd:823467
cmoe4c9vq0b4dpe1dk8q1ch3s	The Walking Dead Weekly #17	Image Comics	gcd:824312
cmoe4c9vs0b4fpe1daua4lg7n	The Walking Dead Weekly #18	Image Comics	gcd:825011
cmoe4c9vu0b4hpe1dq7qsjlml	The Walking Dead Weekly #19	Image Comics	gcd:832956
cmoe4c9ur0b3jpe1duyr146y0	The Walking Dead Weekly #2	Image Comics	gcd:796889
cmoe4c9vw0b4jpe1de7gaw0ht	The Walking Dead Weekly #20	Image Comics	gcd:834967
cmoe4c9vz0b4lpe1dpi4zhrtt	The Walking Dead Weekly #21	Image Comics	gcd:839682
cmoe4c9w10b4npe1dzwddgwb4	The Walking Dead Weekly #22	Image Comics	gcd:841168
cmoe4c9w40b4ppe1dhiqeocjx	The Walking Dead Weekly #23	Image Comics	gcd:846857
cmoe4c9w80b4rpe1dxbqs5a76	The Walking Dead Weekly #24	Image Comics	gcd:847260
cmoe4c9wb0b4tpe1dey22mbhc	The Walking Dead Weekly #25	Image Comics	gcd:849340
cmoe4c9we0b4vpe1dccs1ulh3	The Walking Dead Weekly #26	Image Comics	gcd:851428
cmoe4c9wh0b4xpe1ds2ix1r3d	The Walking Dead Weekly #27	Image Comics	gcd:853027
cmoe4c9wj0b4zpe1d19wnelak	The Walking Dead Weekly #28	Image Comics	gcd:857254
cmoe4c9wm0b51pe1dllisgtvl	The Walking Dead Weekly #29	Image Comics	gcd:860771
cmoe4c9ut0b3lpe1d3z538hqd	The Walking Dead Weekly #3	Image Comics	gcd:797784
cmoe4c9wp0b53pe1dmpwqu5gm	The Walking Dead Weekly #30	Image Comics	gcd:863622
cmoe4c9wr0b55pe1dudbmbtqe	The Walking Dead Weekly #31	Image Comics	gcd:865971
cmoe4c9wu0b57pe1d3k2ofxib	The Walking Dead Weekly #32	Image Comics	gcd:867978
cmoe4c9ww0b59pe1d6d6cbjhw	The Walking Dead Weekly #33	Image Comics	gcd:869480
cmoe4c9wz0b5bpe1d6zv7ohex	The Walking Dead Weekly #34	Image Comics	gcd:871090
cmoe4c9x10b5dpe1dypku18rm	The Walking Dead Weekly #35	Image Comics	gcd:873364
cmoe4c9x40b5fpe1dplus1153	The Walking Dead Weekly #36	Image Comics	gcd:874788
cmoe4c9x60b5hpe1doq87cqlr	The Walking Dead Weekly #37	Image Comics	gcd:878116
cmoe4c9x80b5jpe1dm6x2em57	The Walking Dead Weekly #38	Image Comics	gcd:878195
cmoe4c9xb0b5lpe1d881zng7y	The Walking Dead Weekly #39	Image Comics	gcd:879951
cmoe4c9uw0b3npe1djn0f6zna	The Walking Dead Weekly #4	Image Comics	gcd:799483
cmoe4c9xd0b5npe1dov8s0u4l	The Walking Dead Weekly #40	Image Comics	gcd:883809
cmoe4c9xg0b5ppe1d2ygz4t2h	The Walking Dead Weekly #41	Image Comics	gcd:885854
cmoe4c9xi0b5rpe1d0g8zjv0h	The Walking Dead Weekly #42	Image Comics	gcd:887156
cmoe4c9xk0b5tpe1d88vrnlu2	The Walking Dead Weekly #43	Image Comics	gcd:888632
cmoe4c9xn0b5vpe1dg991zlp8	The Walking Dead Weekly #44	Image Comics	gcd:892368
cmoe4c9xp0b5xpe1d6edp3vvl	The Walking Dead Weekly #45	Image Comics	gcd:893511
cmoe4c9xs0b5zpe1d44czg1gu	The Walking Dead Weekly #46	Image Comics	gcd:894697
cmoe4c9xu0b61pe1d3845nfxm	The Walking Dead Weekly #47	Image Comics	gcd:898453
cmoe4c9xw0b63pe1do8aecjak	The Walking Dead Weekly #48	Image Comics	gcd:899415
cmoe4c9yk0b66pe1dkc9fhrqk	The Walking Dead Weekly #49	Image Comics	gcd:900441
cmoe4c9uy0b3ppe1d5b9pnsnv	The Walking Dead Weekly #5	Image Comics	gcd:802894
cmoe4c9yn0b68pe1do6qx80pq	The Walking Dead Weekly #50	Image Comics	gcd:901368
cmoe4c9yp0b6ape1dgtc0ujjz	The Walking Dead Weekly #51	Image Comics	gcd:901946
cmoe4c9ys0b6cpe1d0ge9d17y	The Walking Dead Weekly #52	Image Comics	gcd:902686
cmoe4c9v10b3rpe1dfqw2c9qg	The Walking Dead Weekly #6	Image Comics	gcd:806095
cmoe4c9v30b3tpe1dppgxim20	The Walking Dead Weekly #7	Image Comics	gcd:807210
cmoe4c9v50b3vpe1dmbuh0v0h	The Walking Dead Weekly #8	Image Comics	gcd:808142
cmoe4c9v80b3xpe1djxxcio8k	The Walking Dead Weekly #9	Image Comics	gcd:811246
cmoe4cacd07inrr6xl8mqa1ph	The Wicked + The Divine #1	Image Comics	gcd:1214713
cmoe4cad407j5rr6x37vqrghg	The Wicked + The Divine #10	Image Comics	gcd:1353182
cmoe4cad707j7rr6xmjd4dgyn	The Wicked + The Divine #11	Image Comics	gcd:1377386
cmoe4cfp407s1rr6xhi237c22	The Wicked + The Divine #12	Image Comics	gcd:1430947
cmoe4cfq007sbrr6xluuxmvet	The Wicked + The Divine #17	Image Comics	gcd:1513915
cmoe4cfq207sdrr6xtbp3ikuq	The Wicked + The Divine #18	Image Comics	gcd:1552265
cmoe4cfq407sfrr6xvd7j46l1	The Wicked + The Divine #19	Image Comics	gcd:1562807
cmoe4caci07iprr6x9f3mzplu	The Wicked + The Divine #2	Image Comics	gcd:1243277
cmoe4cfq607shrr6xjvzn5s1y	The Wicked + The Divine #20	Image Comics	gcd:1579472
cmoe4cfq807sjrr6xzw72aakd	The Wicked + The Divine #21	Image Comics	gcd:1603752
cmoe4cfqa07slrr6xbeel0l3p	The Wicked + The Divine #22	Image Comics	gcd:1616953
cmoe4cfqc07snrr6xsj1bm1cg	The Wicked + The Divine #23	Image Comics	gcd:1646916
cmoe4cfqf07sprr6xmum3o0g4	The Wicked + The Divine #24	Image Comics	gcd:1658000
cmoe4cfqh07srrr6xrwquj9kj	The Wicked + The Divine #25	Image Comics	gcd:1663961
cmoe4cfqj07strr6xcikv6866	The Wicked + The Divine #26	Image Comics	gcd:1674459
cmoe4cfql07svrr6xr1y9nrbu	The Wicked + The Divine #27	Image Comics	gcd:1680155
cmoe4cfqn07sxrr6xxylot2q2	The Wicked + The Divine #28	Image Comics	gcd:1692263
cmoe4cfqq07szrr6xnhjamfe5	The Wicked + The Divine #29	Image Comics	gcd:1720246
cmoe4cacl07irrr6xed5okmo2	The Wicked + The Divine #3	Image Comics	gcd:1247422
cmoe4cfqs07t1rr6xcwddpran	The Wicked + The Divine #30	Image Comics	gcd:1727263
cmoe4cfqu07t3rr6xjcuxw3hl	The Wicked + The Divine #31	Image Comics	gcd:1734525
cmoe4cfqw07t5rr6x25ixfoq4	The Wicked + The Divine #32	Image Comics	gcd:1743043
cmoe4cfqy07t7rr6xg6o8x6g6	The Wicked + The Divine #33	Image Comics	gcd:1759151
cmoe4cfr107t9rr6xz7qar9sy	The Wicked + The Divine #34	Image Comics	gcd:1789980
cmoe4cfr307tbrr6xjffkgp9h	The Wicked + The Divine #35	Image Comics	gcd:1798364
cmoe4cfr507tdrr6xkuzj2bz7	The Wicked + The Divine #36	Image Comics	gcd:1807925
cmoe4cfr707tfrr6xz2zgpsj3	The Wicked + The Divine #37	Image Comics	gcd:1821426
cmoe4cfr907thrr6xerig6dhb	The Wicked + The Divine #38	Image Comics	gcd:1836272
cmoe4cfrb07tjrr6xpr05uu7o	The Wicked + The Divine #39	Image Comics	gcd:1845683
cmoe4caco07itrr6xxoe0bwh8	The Wicked + The Divine #4	Image Comics	gcd:1253166
cmoe4cfrd07tlrr6x04s3aa08	The Wicked + The Divine #40	Image Comics	gcd:1879355
cmoe4cfrf07tnrr6x5d2g11h8	The Wicked + The Divine #41	Image Comics	gcd:1905185
cmoe4cfri07tprr6x8hmmliv3	The Wicked + The Divine #42	Image Comics	gcd:1929798
cmoe4cfrk07trrr6xy1xdbt08	The Wicked + The Divine #43	Image Comics	gcd:1953249
cmoe4cfrm07ttrr6xnageoi83	The Wicked + The Divine #44	Image Comics	gcd:1998864
cmoe4cfro07tvrr6x2yi3t7a5	The Wicked + The Divine #45	Image Comics	gcd:2013594
cmoe4cacq07ivrr6xoz3jkbo3	The Wicked + The Divine #5	Image Comics	gcd:1265631
cmoe4cacu07ixrr6x3f4jb3o0	The Wicked + The Divine #6	Image Comics	gcd:1294432
cmoe4cacx07izrr6x4qtubxdj	The Wicked + The Divine #7	Image Comics	gcd:1309458
cmoe4cacz07j1rr6xo06hb4az	The Wicked + The Divine #8	Image Comics	gcd:1325911
cmoe4cad207j3rr6xhj97s9x2	The Wicked + The Divine #9	Image Comics	gcd:1333433
cmoe4ch0f0818rr6xd7ihrq7c	Thief of Thieves #1	Image Comics	gcd:918092
cmoe4ch25081qrr6xguic9gmp	Thief of Thieves #10	Image Comics	gcd:1032792
cmoe4ch29081srr6xybn9ay0s	Thief of Thieves #11	Image Comics	gcd:1039455
cmoe4ch2e081urr6xak60hhwv	Thief of Thieves #12	Image Comics	gcd:1079814
cmoe4ch2i081wrr6xqc4izsth	Thief of Thieves #13	Image Comics	gcd:1103291
cmoe4ch2n081yrr6xrpp34sir	Thief of Thieves #14	Image Comics	gcd:1116802
cmoe4ch2s0820rr6xx3hravjh	Thief of Thieves #15	Image Comics	gcd:1124926
cmoe4ch2u0822rr6x9xac4z26	Thief of Thieves #16	Image Comics	gcd:1137623
cmoe4ch2z0824rr6xrgfb52mh	Thief of Thieves #17	Image Comics	gcd:1148186
cmoe4ch340826rr6xxvjyoldp	Thief of Thieves #18	Image Comics	gcd:1164968
cmoe4ch380828rr6xa96wfqzn	Thief of Thieves #19	Image Comics	gcd:1175547
cmoe4ch0m081arr6xb5y0ie0t	Thief of Thieves #2	Image Comics	gcd:930400
cmoe4ch3d082arr6xxnjzngcg	Thief of Thieves #20	Image Comics	gcd:1198563
cmoe4ch3h082crr6x76jv2j80	Thief of Thieves #21	Image Comics	gcd:1208431
cmoe4ch3l082err6x2uf02nm5	Thief of Thieves #22	Image Comics	gcd:1225596
cmoe4ch3q082grr6xi1qrjlbo	Thief of Thieves #23	Image Comics	gcd:1246785
cmoe4ch3u082irr6xfyufak9c	Thief of Thieves #24	Image Comics	gcd:1261836
cmoe4ch3y082krr6xnnhd0ye3	Thief of Thieves #25	Image Comics	gcd:1281131
cmoe4ch43082mrr6xp4l7opga	Thief of Thieves #26	Image Comics	gcd:1325914
cmoe4ch48082orr6xfl4ard0e	Thief of Thieves #27	Image Comics	gcd:1333432
cmoe4ch4c082qrr6xiln7smqf	Thief of Thieves #28	Image Comics	gcd:1353183
cmoe4ch4h082srr6xz6j69k1z	Thief of Thieves #29	Image Comics	gcd:1422511
cmoe4ch0u081crr6x1ge9ksoo	Thief of Thieves #3	Image Comics	gcd:936529
cmoe4ch4l082urr6xlf3lnxfa	Thief of Thieves #30	Image Comics	gcd:1450662
cmoe4ch4s082yrr6xvk5r1bh2	Thief of Thieves #32	Image Comics	gcd:1594108
cmoe4ch4u0830rr6xfdyt5q5p	Thief of Thieves #33	Image Comics	gcd:1608282
cmoe4ch4w0832rr6xrh6mmg4y	Thief of Thieves #34	Image Comics	gcd:1618647
cmoe4ch4z0834rr6x559f3ubq	Thief of Thieves #35	Image Comics	gcd:1634242
cmoe4ch510836rr6xs7rhrlg8	Thief of Thieves #36	Image Comics	gcd:1641392
cmoe4ch15081err6x00mg4jwp	Thief of Thieves #4	Image Comics	gcd:943225
cmoe4ch1c081grr6xwi55hbob	Thief of Thieves #5	Image Comics	gcd:951429
cmoe4ch1j081irr6x9ptj46sj	Thief of Thieves #6	Image Comics	gcd:956081
cmoe4ch1p081krr6xx7rcgtxs	Thief of Thieves #7	Image Comics	gcd:977482
cmoe4ch1w081mrr6xp96qvlri	Thief of Thieves #8	Image Comics	gcd:998017
cmoe4ch20081orr6x34gqb0s8	Thief of Thieves #9	Image Comics	gcd:1012954
cmoe4c7se071lrr6xysucaesa	Tomb Raider: The Series #0	Image Comics	gcd:682388
cmoe4c7oq070urr6x8fygxltc	Tomb Raider: The Series #1	Image Comics	gcd:299470
cmoe4c81r073prr6xcbrja0rn	Tomb Raider: The Series #1/2	Image Comics	gcd:1243616
cmoe4c7ri071drr6xlzxghdnz	Tomb Raider: The Series #10	Image Comics	gcd:299479
cmoe4c7rs071frr6xcr0roiew	Tomb Raider: The Series #11	Image Comics	gcd:299480
cmoe4c7rx071hrr6xt2wh3ezj	Tomb Raider: The Series #12	Image Comics	gcd:299481
cmoe4c7s5071jrr6xs2of1vgj	Tomb Raider: The Series #13	Image Comics	gcd:299482
cmoe4c7sj071nrr6x5flz92yi	Tomb Raider: The Series #14	Image Comics	gcd:299483
cmoe4c7sp071prr6x4rkbf1ds	Tomb Raider: The Series #15	Image Comics	gcd:299484
cmoe4c7sx071rrr6xq6rt0aog	Tomb Raider: The Series #16	Image Comics	gcd:299485
cmoe4c7t5071trr6x833jt86q	Tomb Raider: The Series #17	Image Comics	gcd:299486
cmoe4c7td071vrr6xwwniy3i1	Tomb Raider: The Series #18	Image Comics	gcd:299487
cmoe4c7tj071xrr6xjen0vpi5	Tomb Raider: The Series #19	Image Comics	gcd:299488
cmoe4c7ox070wrr6xx46r2krr	Tomb Raider: The Series #2	Image Comics	gcd:299471
cmoe4c7tq071zrr6x8dhihrxx	Tomb Raider: The Series #20	Image Comics	gcd:299489
cmoe4c7tz0721rr6xpge83kfa	Tomb Raider: The Series #21	Image Comics	gcd:299490
cmoe4c7u50723rr6xbaqih6b0	Tomb Raider: The Series #22	Image Comics	gcd:299491
cmoe4c7uc0725rr6xjol0l7hb	Tomb Raider: The Series #23	Image Comics	gcd:299492
cmoe4c7ul0727rr6xkxyf08gl	Tomb Raider: The Series #24	Image Comics	gcd:299493
cmoe4c7us0729rr6xnc6inms4	Tomb Raider: The Series #25	Image Comics	gcd:299494
cmoe4c7uy072brr6xkalsyo4h	Tomb Raider: The Series #26	Image Comics	gcd:299495
cmoe4c7v6072drr6xkb2it6qd	Tomb Raider: The Series #27	Image Comics	gcd:299496
cmoe4c7vg072frr6x34xwmlwk	Tomb Raider: The Series #28	Image Comics	gcd:299497
cmoe4c7vo072hrr6xbek2r9iq	Tomb Raider: The Series #29	Image Comics	gcd:299498
cmoe4c7pt070zrr6xe8doein0	Tomb Raider: The Series #3	Image Comics	gcd:299472
cmoe4c7vx072jrr6x8g4rp10i	Tomb Raider: The Series #30	Image Comics	gcd:299499
cmoe4c7w7072lrr6xi2r2ehe6	Tomb Raider: The Series #31	Image Comics	gcd:299500
cmoe4c7we072nrr6x7xq3wiur	Tomb Raider: The Series #32	Image Comics	gcd:299501
cmoe4c7wk072prr6x9yfjb0ov	Tomb Raider: The Series #33	Image Comics	gcd:299502
cmoe4c7wt072rrr6x7ekth4i8	Tomb Raider: The Series #34	Image Comics	gcd:299503
cmoe4c7x2072trr6xg4wptgqx	Tomb Raider: The Series #35	Image Comics	gcd:299504
cmoe4c7xa072vrr6xs6aqyvbr	Tomb Raider: The Series #36	Image Comics	gcd:299505
cmoe4c7xi072xrr6xqemi1no6	Tomb Raider: The Series #37	Image Comics	gcd:299506
cmoe4c7xq072zrr6xto1jq8hd	Tomb Raider: The Series #38	Image Comics	gcd:299507
cmoe4c7y00731rr6xf56ff2gp	Tomb Raider: The Series #39	Image Comics	gcd:299508
cmoe4c7q30711rr6xgss3pn08	Tomb Raider: The Series #4	Image Comics	gcd:299473
cmoe4c7yi0733rr6xtn8q4q62	Tomb Raider: The Series #40	Image Comics	gcd:299509
cmoe4c7yo0735rr6x0bdds4ae	Tomb Raider: The Series #41	Image Comics	gcd:299510
cmoe4c7yy0737rr6xfodavo11	Tomb Raider: The Series #42	Image Comics	gcd:299511
cmoe4c7z80739rr6xiuyqm7w2	Tomb Raider: The Series #43	Image Comics	gcd:299512
cmoe4c7zf073brr6xm4br28ym	Tomb Raider: The Series #44	Image Comics	gcd:299513
cmoe4c7zn073drr6x0w4w4tln	Tomb Raider: The Series #45	Image Comics	gcd:299514
cmoe4c802073frr6xnk9qpguz	Tomb Raider: The Series #46	Image Comics	gcd:299515
cmoe4c80g073hrr6xamdhhvvn	Tomb Raider: The Series #47	Image Comics	gcd:299516
cmoe4c80r073jrr6xtilk8avd	Tomb Raider: The Series #48	Image Comics	gcd:299517
cmoe4c816073lrr6x5f2a11d0	Tomb Raider: The Series #49	Image Comics	gcd:299518
cmoe4c7qb0713rr6xv02hy96d	Tomb Raider: The Series #5	Image Comics	gcd:299474
cmoe4c81f073nrr6xupebfmwj	Tomb Raider: The Series #50	Image Comics	gcd:299519
cmoe4c7qs0717rr6x7yhmexdi	Tomb Raider: The Series #7	Image Comics	gcd:299476
cmoe4c7r00719rr6xjrwobt7x	Tomb Raider: The Series #8	Image Comics	gcd:299477
cmoe4c7r9071brr6xbiemvser	Tomb Raider: The Series #9	Image Comics	gcd:299478
cmoe4bz2i062wrr6x75tugqsi	Witchblade #100	Image Comics	gcd:305657
cmoe4bz2s062yrr6x6cj7qys8	Witchblade #101	Image Comics	gcd:305658
cmoe4bz330630rr6xg4b0c76y	Witchblade #102	Image Comics	gcd:335725
cmoe4bz3c0632rr6xu9kkgfa3	Witchblade #103	Image Comics	gcd:335726
cmoe4bz3l0634rr6x8wtw21y5	Witchblade #104	Image Comics	gcd:361273
cmoe4bz3v0636rr6x7pd4peu6	Witchblade #105	Image Comics	gcd:361274
cmoe4bz440638rr6xrw5v0p64	Witchblade #106	Image Comics	gcd:361275
cmoe4bz4d063arr6xydzzsv1x	Witchblade #107	Image Comics	gcd:364027
cmoe4bz4m063crr6xijpto2fk	Witchblade #108	Image Comics	gcd:364028
cmoe4bz4t063err6xkp6iiz0c	Witchblade #109	Image Comics	gcd:368908
cmoe4bz51063grr6xi011q9hm	Witchblade #110	Image Comics	gcd:386782
cmoe4bz59063irr6xatstdzfv	Witchblade #111	Image Comics	gcd:386783
cmoe4bz5h063krr6xnlni464b	Witchblade #112	Image Comics	gcd:398713
cmoe4bz5r063mrr6x6ghf87mt	Witchblade #113	Image Comics	gcd:406824
cmoe4bz63063orr6xzhkci3nu	Witchblade #114	Image Comics	gcd:409765
cmoe4bz6b063qrr6x7ifxxka6	Witchblade #115	Image Comics	gcd:417036
cmoe4bz6x063urr6xhwmhjie3	Witchblade #117	Image Comics	gcd:524452
cmoe4bz77063wrr6xczf37uw2	Witchblade #118	Image Comics	gcd:530268
cmoe4bz7h063yrr6xxvaa3amj	Witchblade #119	Image Comics	gcd:535063
cmoe4bz7p0640rr6xestkxzuc	Witchblade #120	Image Comics	gcd:541366
cmoe4bz7x0642rr6xos4a0044	Witchblade #121	Image Comics	gcd:543505
cmoe4bz840644rr6xg01ad0da	Witchblade #122	Image Comics	gcd:627053
cmoe4bz8f0646rr6xf9wutwk3	Witchblade #123	Image Comics	gcd:627054
cmoe4bz8j0648rr6xrs9c0j3d	Witchblade #124	Image Comics	gcd:627055
cmoe4bz8s064arr6xobytxapu	Witchblade #125	Image Comics	gcd:627056
cmoe4bz94064crr6xiv5q3jwr	Witchblade #126	Image Comics	gcd:627057
cmoe4bz9g064err6xthjomk0p	Witchblade #127	Image Comics	gcd:640191
cmoe4bz9l064grr6x0ftnjayd	Witchblade #128	Image Comics	gcd:671613
cmoe4bzai064jrr6xlhnugyrn	Witchblade #129	Image Comics	gcd:671614
cmoe4bzax064lrr6xw3gvnzug	Witchblade #130	Image Comics	gcd:676505
cmoe4bzbk064prr6x28o3w7ro	Witchblade #132	Image Comics	gcd:691796
cmoe4bzbm064rrr6xdqgixa1k	Witchblade #133	Image Comics	gcd:691797
cmoe4bzbo064trr6xanay6k20	Witchblade #134	Image Comics	gcd:705446
cmoe4bzbq064vrr6xwjyea5xz	Witchblade #135	Image Comics	gcd:730134
cmoe4bzbt064xrr6xfswxdhn2	Witchblade #136	Image Comics	gcd:755444
cmoe4bzbv064zrr6xu6iclo0r	Witchblade #137	Image Comics	gcd:771726
cmoe4bzbx0651rr6xhmhjy50e	Witchblade #138	Image Comics	gcd:780337
cmoe4bzbz0653rr6xjr2lzrxm	Witchblade #139	Image Comics	gcd:785653
cmoe4bzc10655rr6xl3phy5x6	Witchblade #140	Image Comics	gcd:792235
cmoe4bzc30657rr6x2gtia3mu	Witchblade #141	Image Comics	gcd:797782
cmoe4bzc60659rr6xar7dzcpp	Witchblade #142	Image Comics	gcd:802895
cmoe4bzc8065brr6xp33eu4k9	Witchblade #143	Image Comics	gcd:814920
cmoe4bzca065drr6x8h5uhb96	Witchblade #144	Image Comics	gcd:834968
cmoe4bzcd065frr6x1xypjtaj	Witchblade #145	Image Comics	gcd:847261
cmoe4bzcf065hrr6xz0dbd1p6	Witchblade #146	Image Comics	gcd:857253
cmoe4bzch065jrr6x8zfhuhjg	Witchblade #147	Image Comics	gcd:873365
cmoe4bzcj065lrr6xj0ncp7jx	Witchblade #148	Image Comics	gcd:879954
cmoe4bzcl065nrr6xau13teor	Witchblade #149	Image Comics	gcd:893514
cmoe4bzco065prr6xpd3dxe7i	Witchblade #150	Image Comics	gcd:901374
cmoe4bzcq065rrr6x17uotv0n	Witchblade #151	Image Comics	gcd:904005
cmoe4bzcs065trr6x2s7iuin5	Witchblade #152	Image Comics	gcd:906603
cmoe4bzcv065vrr6xz8cjakpr	Witchblade #153	Image Comics	gcd:920772
cmoe4bzcx065xrr6xt7unfh36	Witchblade #154	Image Comics	gcd:932068
cmoe4bzcz065zrr6xcd3r2rhu	Witchblade #155	Image Comics	gcd:940728
cmoe4bzd10661rr6xkq7976ke	Witchblade #156	Image Comics	gcd:946704
cmoe4bzd40663rr6x2tnjsthd	Witchblade #157	Image Comics	gcd:954256
cmoe4bzd80665rr6x5ifq7mae	Witchblade #158	Image Comics	gcd:974114
cmoe4bzda0667rr6x2p59hp9o	Witchblade #159	Image Comics	gcd:996649
cmoe4bzdc0669rr6xgtn948vy	Witchblade #160	Image Comics	gcd:1011379
cmoe4bzde066brr6xi5x6fjyf	Witchblade #161	Image Comics	gcd:1029048
cmoe4bzdh066drr6xshof4how	Witchblade #162	Image Comics	gcd:1039471
cmoe4bzdj066frr6x9zvi3wbw	Witchblade #163	Image Comics	gcd:1052541
cmoe4bzdm066hrr6xqz42ep5n	Witchblade #164	Image Comics	gcd:1092290
cmoe4bzdo066jrr6xj8z1h933	Witchblade #165	Image Comics	gcd:1098899
cmoe4bzdq066lrr6xeosaiqr7	Witchblade #166	Image Comics	gcd:1110190
cmoe4bzdt066nrr6xvcql76ms	Witchblade #167	Image Comics	gcd:1120929
cmoe4bzdv066prr6xlw8brihj	Witchblade #168	Image Comics	gcd:1131330
cmoe4bzdx066rrr6xisusckv7	Witchblade #169	Image Comics	gcd:1140372
cmoe4byoj0607rr6xp24rd47s	Witchblade #52	Image Comics	gcd:226821
cmoe4byor0609rr6xistphlez	Witchblade #53	Image Comics	gcd:226822
cmoe4byp1060brr6xigg73be4	Witchblade #54	Image Comics	gcd:226823
cmoe4bype060drr6x8omv7u3h	Witchblade #55	Image Comics	gcd:226824
cmoe4byps060frr6x8x92yc9m	Witchblade #56	Image Comics	gcd:226825
cmoe4byq1060hrr6x9baaigpn	Witchblade #57	Image Comics	gcd:226826
cmoe4byqc060jrr6x2tkio9l6	Witchblade #58	Image Comics	gcd:226827
cmoe4byqo060lrr6xwygsjqqs	Witchblade #59	Image Comics	gcd:226828
cmoe4byr1060nrr6xmnkrz2h9	Witchblade #60	Image Comics	gcd:226829
cmoe4byrb060prr6xug0kg59w	Witchblade #61	Image Comics	gcd:226830
cmoe4byrp060rrr6x7tthby7p	Witchblade #62	Image Comics	gcd:226831
cmoe4bys1060trr6x6ljfz9yp	Witchblade #63	Image Comics	gcd:226832
cmoe4bysi060vrr6x6e2kt279	Witchblade #64	Image Comics	gcd:226833
cmoe4bysx060xrr6x5ybqlc5d	Witchblade #65	Image Comics	gcd:226834
cmoe4byta060zrr6x3zvrfpbi	Witchblade #66	Image Comics	gcd:226835
cmoe4byth0611rr6x9rhu3gw7	Witchblade #67	Image Comics	gcd:226836
cmoe4byto0613rr6x0lio3luk	Witchblade #68	Image Comics	gcd:226837
cmoe4bytw0615rr6x1mcvxklb	Witchblade #69	Image Comics	gcd:226838
cmoe4byuf0619rr6xnohldmua	Witchblade #71	Image Comics	gcd:226840
cmoe4byuv061brr6xcfpp7g0y	Witchblade #72	Image Comics	gcd:226841
cmoe4byv5061drr6xpzp1eg5e	Witchblade #73	Image Comics	gcd:226842
cmoe4byvi061frr6xx25iq4nd	Witchblade #74	Image Comics	gcd:226843
cmoe4byvr061hrr6xqcnhlhcv	Witchblade #75	Image Comics	gcd:226844
cmoe4byw4061jrr6xdz7cbk8p	Witchblade #76	Image Comics	gcd:226845
cmoe4bywb061lrr6x82r515pb	Witchblade #77	Image Comics	gcd:226846
cmoe4bywm061nrr6xx7s0m9pq	Witchblade #78	Image Comics	gcd:226847
cmoe4byxc061qrr6xbonppd1d	Witchblade #79	Image Comics	gcd:226848
cmoe4byya061yrr6xrsfax1uz	Witchblade #83	Image Comics	gcd:266263
cmoe4byyj0620rr6x760ofy5g	Witchblade #84	Image Comics	gcd:266264
cmoe4byyv0622rr6x3vy634dy	Witchblade #85	Image Comics	gcd:266265
cmoe4byz20624rr6xo1teri7b	Witchblade #86	Image Comics	gcd:266266
cmoe4byz90626rr6x80deempm	Witchblade #87	Image Comics	gcd:266267
cmoe4byzj0628rr6xz9vbiqeg	Witchblade #88	Image Comics	gcd:305647
cmoe4byzr062arr6x965ustaa	Witchblade #89	Image Comics	gcd:305648
cmoe4bz00062crr6xn7ojeboo	Witchblade #90	Image Comics	gcd:278128
cmoe4bz09062err6xhujpcoa2	Witchblade #91	Image Comics	gcd:278129
cmoe4bz0k062grr6x434q9p2u	Witchblade #92	Image Comics	gcd:305649
cmoe4bz0v062irr6xrfeuw4ux	Witchblade #93	Image Comics	gcd:305650
cmoe4bz12062krr6xccz319ui	Witchblade #94	Image Comics	gcd:305651
cmoe4bz19062mrr6xz9xpjwau	Witchblade #95	Image Comics	gcd:305652
cmoe4bz1h062orr6xkb13a3d2	Witchblade #96	Image Comics	gcd:305653
cmoe4bz1r062qrr6x8s8viwg6	Witchblade #97	Image Comics	gcd:305654
cmoe4bz20062srr6xe4bkd4rc	Witchblade #98	Image Comics	gcd:305655
cmoe4bz2a062urr6x7rxmdxx3	Witchblade #99	Image Comics	gcd:305656
cmoe4a4et06dape1det188n6z	Daredevil #181	Marvel Comics	gcd:36271
cmoe4a4vg06fvpe1d2ncyhkgl	Daredevil #227	Marvel Comics	gcd:41107
cmoe47wpf021dpe1deb5tk0wn	Fantastic Four #100	Marvel Comics	gcd:23583
cmoe4870i02lgpe1dws8az1qe	Fantastic Four #200	Marvel Comics	gcd:32766
cmoe487kg02o3pe1dngs15f3r	Fantastic Four #247	Marvel Comics	gcd:36751
cmoe4880z02q8pe1dnex7h198	Fantastic Four #285	Marvel Comics	gcd:40775
cmoe4881b02qape1d4d9mwrzf	Fantastic Four #286	Marvel Comics	gcd:40994
cmoe47wcj01zvpe1dqmdappo6	Fantastic Four #73	Marvel Comics	gcd:21796
cmoe47wfi020dpe1dcd90xz06	Fantastic Four #82	Marvel Comics	gcd:22468
cmoe47wgk020hpe1d3cgjqg2i	Fantastic Four #84	Marvel Comics	gcd:22595
cmoe47whf020lpe1dq9rchws5	Fantastic Four #86	Marvel Comics	gcd:22723
cmoe47v3n01utpe1dqq2x4dpn	The Amazing Spider-Man #-1	Marvel Comics	gcd:225691
cmoe4793d00jjpe1dgtn2rb8n	The Amazing Spider-Man #100	Marvel Comics	gcd:24489
cmoe4795k00jmpe1dyqu387ub	The Amazing Spider-Man #101	Marvel Comics	gcd:24565
cmoe4796000jope1dsb4d6uew	The Amazing Spider-Man #102	Marvel Comics	gcd:24631
cmoe4798600jupe1detkn9xr0	The Amazing Spider-Man #105	Marvel Comics	gcd:24873
cmoe4798o00jwpe1dg7aogaac	The Amazing Spider-Man #106	Marvel Comics	gcd:24942
cmoe4799500jype1d5vrgw3z7	The Amazing Spider-Man #107	Marvel Comics	gcd:25023
cmoe4799x00k2pe1diiubhbfk	The Amazing Spider-Man #109	Marvel Comics	gcd:25185
cmoe479aa00k4pe1dpd21wlih	The Amazing Spider-Man #110	Marvel Comics	gcd:25268
cmoe479an00k6pe1do3mwv33v	The Amazing Spider-Man #111	Marvel Comics	gcd:25357
cmoe479b200k8pe1d7rp0yoxx	The Amazing Spider-Man #112	Marvel Comics	gcd:25430
cmoe479bl00kape1dg376afrf	The Amazing Spider-Man #113	Marvel Comics	gcd:25534
cmoe479c300kcpe1diw281t3v	The Amazing Spider-Man #114	Marvel Comics	gcd:25622
cmoe479ch00kepe1d26whr5ah	The Amazing Spider-Man #115	Marvel Comics	gcd:25719
cmoe479ff00kspe1d29nqlyzj	The Amazing Spider-Man #122	Marvel Comics	gcd:26427
cmoe479gb00kwpe1du4l63a8x	The Amazing Spider-Man #124	Marvel Comics	gcd:26630
cmoe479go00kype1dcf7zm7lq	The Amazing Spider-Man #125	Marvel Comics	gcd:26756
cmoe479iz00l6pe1dhb76t0ja	The Amazing Spider-Man #129	Marvel Comics	gcd:27163
cmoe479ju00lape1dhfib9acf	The Amazing Spider-Man #131	Marvel Comics	gcd:27313
cmoe479ky00lgpe1dt3b28ndb	The Amazing Spider-Man #134	Marvel Comics	gcd:27552
cmoe479lk00lipe1dqcctrnvs	The Amazing Spider-Man #135	Marvel Comics	gcd:27632
cmoe479m100lkpe1dek4mtnoi	The Amazing Spider-Man #136	Marvel Comics	gcd:27728
cmoe479o900lmpe1d7fg8hcq9	The Amazing Spider-Man #137	Marvel Comics	gcd:27818
cmoe479ou00lqpe1dm5xlxzh1	The Amazing Spider-Man #139	Marvel Comics	gcd:28007
cmoe479p700lspe1dqrvh6abg	The Amazing Spider-Man #140	Marvel Comics	gcd:28138
cmoe479pv00lupe1dkm4wq9jp	The Amazing Spider-Man #141	Marvel Comics	gcd:28240
cmoe479qi00lwpe1dbs93ia4x	The Amazing Spider-Man #142	Marvel Comics	gcd:28339
cmoe479r500lype1dr7l2zy6h	The Amazing Spider-Man #143	Marvel Comics	gcd:28447
cmoe479rm00m0pe1d5bszus9q	The Amazing Spider-Man #144	Marvel Comics	gcd:28554
cmoe479s000m2pe1do8kyi16c	The Amazing Spider-Man #145	Marvel Comics	gcd:28654
cmoe479sg00m4pe1dimvyg2ec	The Amazing Spider-Man #146	Marvel Comics	gcd:28768
cmoe479sq00m6pe1d3ew7856a	The Amazing Spider-Man #147	Marvel Comics	gcd:28882
cmoe479t200m8pe1d1bffo7mq	The Amazing Spider-Man #148	Marvel Comics	gcd:28994
cmoe479te00mape1d9aidvgz4	The Amazing Spider-Man #149	Marvel Comics	gcd:29101
cmoe479tt00mcpe1d1qz22afo	The Amazing Spider-Man #150	Marvel Comics	gcd:29214
cmoe479uq00mfpe1dy1hymsif	The Amazing Spider-Man #151	Marvel Comics	gcd:29309
cmoe479v600mhpe1dgpkaqbzb	The Amazing Spider-Man #152	Marvel Comics	gcd:29456
cmoe479wb00mppe1d6aaxu58j	The Amazing Spider-Man #156	Marvel Comics	gcd:29826
cmoe47a4200nppe1d1ggvupbp	The Amazing Spider-Man #174	Marvel Comics	gcd:31631
cmoe47a5e00nvpe1da11ao3h0	The Amazing Spider-Man #177	Marvel Comics	gcd:31952
cmoe47a6n00nxpe1dmlm5f9ba	The Amazing Spider-Man #178	Marvel Comics	gcd:32040
cmoe47a7400nzpe1dyycff2ne	The Amazing Spider-Man #179	Marvel Comics	gcd:32136
cmoe47a7h00o1pe1d64mpeyra	The Amazing Spider-Man #180	Marvel Comics	gcd:32230
cmoe47a8s00o7pe1dfpn3zy67	The Amazing Spider-Man #183	Marvel Comics	gcd:32503
cmoe47a9v00odpe1dn4jl6eic	The Amazing Spider-Man #186	Marvel Comics	gcd:32758
cmoe47abu00ojpe1d6hwkiosx	The Amazing Spider-Man #189	Marvel Comics	gcd:33124
cmoe47ac800olpe1dfrmwzi5s	The Amazing Spider-Man #190	Marvel Comics	gcd:33204
cmoe47ad000oppe1dxye9b28k	The Amazing Spider-Man #192	Marvel Comics	gcd:33359
cmoe47afx00orpe1dila5il5l	The Amazing Spider-Man #193	Marvel Comics	gcd:33439
cmoe47aie00ovpe1dywz2onzv	The Amazing Spider-Man #195	Marvel Comics	gcd:33593
cmoe47ajg00ozpe1dq15cgsvv	The Amazing Spider-Man #197	Marvel Comics	gcd:33754
cmoe47ajv00p1pe1d7mzsdfbq	The Amazing Spider-Man #198	Marvel Comics	gcd:33842
cmoe47aku00p5pe1d3t2n2mf5	The Amazing Spider-Man #200	Marvel Comics	gcd:34044
cmoe47k920150pe1d9if7v7uc	The Amazing Spider-Man #203	Marvel Comics	gcd:34281
cmoe47kbj015epe1dskm05dnk	The Amazing Spider-Man #210	Marvel Comics	gcd:34837
cmoe47kg60164pe1d4gtr3u0y	The Amazing Spider-Man #223	Marvel Comics	gcd:35874
cmoe47kh7016ape1ddortyh75	The Amazing Spider-Man #226	Marvel Comics	gcd:36183
cmoe47khw016cpe1dwxl5bdfl	The Amazing Spider-Man #227	Marvel Comics	gcd:36266
cmoe47kjn016ipe1dga7y8p25	The Amazing Spider-Man #230	Marvel Comics	gcd:36506
cmoe47kq0017ape1defua381v	The Amazing Spider-Man #244	Marvel Comics	gcd:37760
cmoe47kqg017cpe1dfzvq7s5x	The Amazing Spider-Man #245	Marvel Comics	gcd:37853
cmoe47kru017ipe1dxveeehtx	The Amazing Spider-Man #248	Marvel Comics	gcd:38201
cmoe47ks1017kpe1drm8v3kaf	The Amazing Spider-Man #249	Marvel Comics	gcd:38315
cmoe47ksk017mpe1de3yfacu8	The Amazing Spider-Man #250	Marvel Comics	gcd:38438
cmoe47kvc017tpe1ddolqldlg	The Amazing Spider-Man #253	Marvel Comics	gcd:38772
cmoe47kxj0183pe1d7ld83rvb	The Amazing Spider-Man #258	Marvel Comics	gcd:39296
cmoe47ky20185pe1dpmx2w62l	The Amazing Spider-Man #259	Marvel Comics	gcd:39403
cmoe47kz70189pe1dzv13mq29	The Amazing Spider-Man #261	Marvel Comics	gcd:39687
cmoe47lg301abpe1dzmqub2hh	The Amazing Spider-Man #298	Marvel Comics	gcd:44212
cmoe47lgt01afpe1d63iaf4r6	The Amazing Spider-Man #300	Marvel Comics	gcd:44451
cmoe47llt01b4pe1d5nrm4nkj	The Amazing Spider-Man #312	Marvel Comics	gcd:45863
cmoe47lmz01bape1dv97edizm	The Amazing Spider-Man #315	Marvel Comics	gcd:46230
cmoe47lna01bcpe1dqkzl7b4e	The Amazing Spider-Man #316	Marvel Comics	gcd:46347
cmoe47lnl01bepe1djqvcm5pe	The Amazing Spider-Man #317	Marvel Comics	gcd:46472
cmoe47ls001c0pe1dgfikc2ja	The Amazing Spider-Man #328	Marvel Comics	gcd:47462
cmoe47lsc01c2pe1dkhdirqf1	The Amazing Spider-Man #329	Marvel Comics	gcd:47573
cmoe47luc01ccpe1dl8xyz3fx	The Amazing Spider-Man #334	Marvel Comics	gcd:48189
cmoe47lvs01cipe1da5uongv9	The Amazing Spider-Man #337	Marvel Comics	gcd:48385
cmoe47lwc01ckpe1dpv82zp9a	The Amazing Spider-Man #338	Marvel Comics	gcd:48451
cmoe47m1u01d2pe1dt5xs9fsi	The Amazing Spider-Man #347	Marvel Comics	gcd:49593
cmoe47m9h01dzpe1d56qs0g9c	The Amazing Spider-Man #363	Marvel Comics	gcd:83441
cmoe47maf01e3pe1d947oprv3	The Amazing Spider-Man #365	Marvel Comics	gcd:83446
cmoe47me901elpe1dlp80i3xk	The Amazing Spider-Man #374	Marvel Comics	gcd:83563
cmoe47mem01enpe1d9n71m3tt	The Amazing Spider-Man #375	Marvel Comics	gcd:83564
cmoe47mfs01etpe1dordu5hjj	The Amazing Spider-Man #378	Marvel Comics	gcd:53198
cmoe47mg501evpe1dkf6k968y	The Amazing Spider-Man #379	Marvel Comics	gcd:53369
cmoe47mgp01expe1dmct89kl2	The Amazing Spider-Man #380	Marvel Comics	gcd:53527
cmoe47mmt01frpe1dlho2qmgr	The Amazing Spider-Man #394 [Flipbook]	Marvel Comics	gcd:83365
cmoe47urq01tlpe1dqfgu8r8d	The Amazing Spider-Man #403	Marvel Comics	gcd:83374
cmoe47uuk01tzpe1dh5ghj5wi	The Amazing Spider-Man #410	Marvel Comics	gcd:83381
cmoe478lc00h7pe1dqrssohmn	The Amazing Spider-Man #58	Marvel Comics	gcd:21724
cmoe478lx00h9pe1dxryefzkb	The Amazing Spider-Man #59	Marvel Comics	gcd:21792
cmoe478m900hbpe1dclbgs1h8	The Amazing Spider-Man #60	Marvel Comics	gcd:21863
cmoe478mp00hdpe1dxezuf0tu	The Amazing Spider-Man #61	Marvel Comics	gcd:21934
cmoe478nj00hhpe1deg6nk8ml	The Amazing Spider-Man #63	Marvel Comics	gcd:22085
cmoe478ns00hjpe1dr00czo7m	The Amazing Spider-Man #64	Marvel Comics	gcd:22164
cmoe478op00hnpe1dz22m301s	The Amazing Spider-Man #66	Marvel Comics	gcd:22322
cmoe478p700hppe1dztycfhee	The Amazing Spider-Man #67	Marvel Comics	gcd:22393
cmoe478po00hrpe1dchmmwdkd	The Amazing Spider-Man #68	Marvel Comics	gcd:22461
cmoe478q700htpe1dhkdznww4	The Amazing Spider-Man #69	Marvel Comics	gcd:22524
cmoe478qk00hvpe1dcm05c6qf	The Amazing Spider-Man #70	Marvel Comics	gcd:22588
cmoe478r100hxpe1d9uw2zsjy	The Amazing Spider-Man #71	Marvel Comics	gcd:22653
cmoe478s000hzpe1d54yfnj5c	The Amazing Spider-Man #72	Marvel Comics	gcd:22716
cmoe478se00i1pe1d6a7ezdyo	The Amazing Spider-Man #73	Marvel Comics	gcd:22784
cmoe478sw00i3pe1dtobzyl59	The Amazing Spider-Man #74	Marvel Comics	gcd:22836
cmoe478tc00i5pe1d3j2jgpyq	The Amazing Spider-Man #75	Marvel Comics	gcd:22900
cmoe478tp00i7pe1d74hy102a	The Amazing Spider-Man #76	Marvel Comics	gcd:22960
cmoe478uu00i9pe1dnpn0546o	The Amazing Spider-Man #77	Marvel Comics	gcd:23034
cmoe478v500ibpe1d4b4eg5pi	The Amazing Spider-Man #78	Marvel Comics	gcd:23093
cmoe478vh00idpe1ds9mmhaab	The Amazing Spider-Man #79	Marvel Comics	gcd:23163
cmoe478vt00ifpe1duwl10kxb	The Amazing Spider-Man #80	Marvel Comics	gcd:23227
cmoe478wx00ilpe1dc6btyv74	The Amazing Spider-Man #83	Marvel Comics	gcd:23399
cmoe478xg00inpe1dycu9znin	The Amazing Spider-Man #84	Marvel Comics	gcd:23459
cmoe478xs00ippe1d5gkf8smj	The Amazing Spider-Man #85	Marvel Comics	gcd:23524
cmoe478z500ivpe1dvks0v28f	The Amazing Spider-Man #88	Marvel Comics	gcd:23711
cmoe478zi00ixpe1dvejjzgta	The Amazing Spider-Man #89	Marvel Comics	gcd:23770
cmoe478zt00izpe1dag45zxve	The Amazing Spider-Man #90	Marvel Comics	gcd:23830
cmoe4790h00j3pe1dj9bz65b4	The Amazing Spider-Man #92	Marvel Comics	gcd:23969
cmoe4791600j7pe1d905ew5xj	The Amazing Spider-Man #94	Marvel Comics	gcd:24093
cmoe4791f00j9pe1dr9c85qy6	The Amazing Spider-Man #95	Marvel Comics	gcd:24160
cmoe4791y00jbpe1dgqc3fz3p	The Amazing Spider-Man #96	Marvel Comics	gcd:24224
cmoe4792o00jfpe1dkopx9h1s	The Amazing Spider-Man #98	Marvel Comics	gcd:24355
cmoe4792z00jhpe1d8r2fi4mv	The Amazing Spider-Man #99	Marvel Comics	gcd:24422
cmoe49d1s055bpe1dsibktd1p	The Avengers #111	Marvel Comics	gcd:26204
cmoe49d3i055jpe1daqyk6xmz	The Avengers #115	Marvel Comics	gcd:26631
cmoe49d6w055xpe1dgmao6ok1	The Avengers #122	Marvel Comics	gcd:27356
cmoe49d880563pe1d422gvh0z	The Avengers #125	Marvel Comics	gcd:27603
cmoe49d920567pe1drwuzbahz	The Avengers #127	Marvel Comics	gcd:27788
cmoe49koz00i6rr6xsijc63do	The Avengers #141	Marvel Comics	gcd:29262
cmoe49kqq00icrr6xzeqahgue	The Avengers #144	Marvel Comics	gcd:29543
cmoe49ku600iqrr6xik0i9kpj	The Avengers #151	Marvel Comics	gcd:30201
cmoe49kwv00j0rr6xf90k9m9d	The Avengers #156	Marvel Comics	gcd:30747
cmoe49l2x00jmrr6xskr0b22m	The Avengers #167	Marvel Comics	gcd:31858
cmoe49l3i00jorr6xu4s3kxlc	The Avengers #168	Marvel Comics	gcd:31953
cmoe49l4d00jsrr6xjz6i49p7	The Avengers #170	Marvel Comics	gcd:32137
cmoe49l4y00jurr6xl9wbi1d0	The Avengers #171	Marvel Comics	gcd:32231
cmoe49l5g00jwrr6xjrpzce9z	The Avengers #172	Marvel Comics	gcd:32323
cmoe49l6000jyrr6x2ws9sgr3	The Avengers #173	Marvel Comics	gcd:32412
cmoe49l6l00k0rr6xuv7y7fxg	The Avengers #174	Marvel Comics	gcd:32504
cmoe49l7s00k4rr6x0fn2j9mi	The Avengers #176	Marvel Comics	gcd:32682
cmoe49lac00kerr6xlpt5en0v	The Avengers #181	Marvel Comics	gcd:33205
cmoe49lbj00kirr6x2apcvqoc	The Avengers #183	Marvel Comics	gcd:33360
cmoe49lcq00kmrr6xes7kuyhc	The Avengers #185	Marvel Comics	gcd:33517
cmoe49le500kprr6xm551uwb6	The Avengers #186	Marvel Comics	gcd:33594
cmoe49leq00krrr6xa743mfd3	The Avengers #187	Marvel Comics	gcd:33682
cmoe49lfx00kvrr6xv6yyjv4r	The Avengers #189	Marvel Comics	gcd:33843
cmoe49ljt00l9rr6xnjfa1pfz	The Avengers #196	Marvel Comics	gcd:34445
cmoe49lxh00mrrr6xdfwmlp7j	The Avengers #223	Marvel Comics	gcd:36662
cmoe49m7800norr6x2fstckru	The Avengers #239	Marvel Comics	gcd:38202
cmoe49o8r05mjpe1d4l55tb62	The Avengers #368	Marvel Comics	gcd:53959
cmoe49cpk053zpe1dgx27nkqc	The Avengers #87	Marvel Comics	gcd:24162
cmoe49cq40541pe1dvsked0no	The Avengers #88	Marvel Comics	gcd:24225
cmoe49csr054bpe1d0lqrce1c	The Avengers #93	Marvel Comics	gcd:24632
cmoe48zno049tpe1dqgk4ms3f	The Uncanny X-Men #-1	Marvel Comics	gcd:60543
cmoe48nlj03k3pe1dihrqej8d	The Uncanny X-Men #156	Marvel Comics	gcd:36294
cmoe48nps03kjpe1diddnuq1l	The Uncanny X-Men #164	Marvel Comics	gcd:36935
cmoe48o9803mmpe1d9asg60ja	The Uncanny X-Men #201	Marvel Comics	gcd:41013
cmoe48oa803mqpe1dd1sfpuic	The Uncanny X-Men #203	Marvel Comics	gcd:41227
cmoe48oc703mype1dwmmo4a4r	The Uncanny X-Men #207	Marvel Comics	gcd:41641
cmoe48ofg03n8pe1d1a3x902e	The Uncanny X-Men #212	Marvel Comics	gcd:42191
cmoe48og003nape1d7hkgiu5v	The Uncanny X-Men #213	Marvel Comics	gcd:42401
cmoe48olt03nype1d81spncio	The Uncanny X-Men #225	Marvel Comics	gcd:43988
cmoe48ouv03otpe1dlqv0k9uv	The Uncanny X-Men #240	Marvel Comics	gcd:45765
cmoe48ovg03ovpe1d0tcda65p	The Uncanny X-Men #241	Marvel Comics	gcd:45886
cmoe48ovz03oxpe1de24vljlt	The Uncanny X-Men #242	Marvel Comics	gcd:46010
cmoe48owj03ozpe1djvjla2jx	The Uncanny X-Men #243	Marvel Comics	gcd:46131
cmoe48pav03qjpe1d38ncwf8d	The Uncanny X-Men #271	Marvel Comics	gcd:48866
cmoe48pbe03qlpe1dcnz005h8	The Uncanny X-Men #272	Marvel Comics	gcd:49142
cmoe48yqx0468pe1dk1bkyu00	The Uncanny X-Men #282 [Gold Second Printing]	Marvel Comics	gcd:1280544
cmoe49bgq04yjpe1dhczm8adj	The Uncanny X-Men #534.1	Marvel Comics	gcd:817115
cmo776y7606maaj8j70kp5cax	Acho Que Meu Filho ķ Gay # 2	Panini	rika:255772
cmo776y7606mbaj8j35wjiz95	Acho Que Meu Filho ķ Gay # 3	Panini	rika:255773
cmo776y7606mcaj8jdei06gbb	Acho Que Meu Filho ķ Gay # 4	Panini	rika:255774
cmo776y7606mdaj8jb1sffj23	Acho Que Meu Filho ķ Gay # 5	Panini	rika:255775
cmmwv0l4p0joqm3hwze6xosxs	Agente X - EdińŃo Encadernada	Panini	rika:24080
cmmwuy5ob0dv4m3hw98p00y04	Anos 2000 - O Renascimento da Marvel # 07 - FĻnix	Panini	rika:226022
cmmwuy5nh0dv2m3hwkmzwoc1d	Anos 2000 - O Renascimento da Marvel # 08 - Homem-Aranha	Panini	rika:226023
cmmwuy5ls0duym3hwg1p9p43j	Anos 2000 - O Renascimento da Marvel # 10 - X-Men	Panini	rika:226025
cmmwv3o1e0q6im3hwj68xcs6m	Antes de Watchmen # 1 - Coruja (Capa Variante A)	Panini	rika:217492
cmmwv3o000q6em3hwtouqs7b0	Antes de Watchmen # 2 - Espectral (Capa Variante A)	Panini	rika:217494
cmmwv3nwb0q68m3hwkiw7yqgs	Antes de Watchmen # 3 - Rorschach (Capa Variante B)	Panini	rika:217499
cmmwv3nv10q64m3hwlb2vmfxp	Antes de Watchmen # 4 - Dr. Manhattan (Capa Variante B)	Panini	rika:217501
cmmwv3nxh0q6cm3hw0ewcujum	Antes de Watchmen # 5 - Comediante (Capa Variante A)	Panini	rika:217496
cmmwv3ns70q60m3hwd4i995tz	Antes de Watchmen # 7 - Dollar Bill & Moloch (Capa Variante B)	Panini	rika:217505
cmmwv3to10qh8m3hww66ujwru	Aquamam 1¬ Sķrie # 4	Panini	rika:136051
cmmwv3u1k0qhum3hw76dy3nb1	Arlequina - 3¬ Sķrie # 08 (Capa Variante)	Panini	rika:136036
cmmwv3rb60qdam3hwn6ffm2az	Arlequina - 3¬ Sķrie # 20	Panini	rika:151222
cmmwv3on30q7qm3hw2lr6bvmi	Arlequina - 4¬ Sķrie # 02	Panini	rika:217258
cmmwv3ojq0q7km3hwrrbxmuck	Arlequina - 4¬ Sķrie # 05	Panini	rika:217261
cmmwuwhtv09v3m3hw3nr9h4bv	Astro City - Volume 07 - A Era das Trevas - IrmŃos em Armas	Panini	rika:165089
cmmwuwhrn09uxm3hw6t7w9wpk	Astro City - Volume 11 - Vidas Privadas	Panini	rika:165092
cmnfcyezm00x988bcs901jq48	Ataque Dos TitŃs Vol. 1	Panini	panini:AMASK001R3
cmmwv0sd90k7mm3hwl1ttc2t6	Avante Vingadores - 5¬ Sķrie # 15	Panini	rika:262401
cmmwv0scc0k7km3hwci2rhlid	Avante Vingadores - 5¬ Sķrie # 16	Panini	rika:262402
cmmwv0sbg0k7im3hw2ri02hoi	Avante Vingadores - 5¬ Sķrie # 17	Panini	rika:262403
cmnfczzx301rl88bckvapszsf	Banana Fish Vol. 1	Panini	panini:AMBAF001R4
cmmwv2oo80nsam3hw41ddd2i4	Batman - 2¬ Sķrie # 40 (Capa Variante E)	Panini	rika:217281
cmmwv2q7l0nv6m3hwxvdrzgpe	Batman - 3¬ Sķrie # 32 (Capa Variante CCXP 2019)	Panini	rika:169260
cmmwv2cgj0negm3hw47livh90	Batman - A Sķrie Animada - Volume 2 - Segunda Temporada	Panini	rika:252765
cmmwv2fkm0nk8m3hw6grkh4d1	Batman - Gotham Knights - A Cidade Dourada # 4	Panini	rika:226327
cmmwv2dzo0nicm3hweimht5ih	Batman - Vit¾ria Sombria - EdińŃo Definitiva 3¬ EdińŃo (Capa Dura)	Panini	rika:239777
cmmwv2dxh0ni8m3hw5ct4isu0	Batman e Coringa - A Dupla Letal # 1 (Capa Variante por Ashley Wood)	Panini	rika:239781
cmmwv2dvr0ni6m3hwfzuotjcd	Batman e Coringa - A Dupla Letal # 1 (Capa Variante por Liam Sharp)	Panini	rika:239782
cmmwv2duj0ni4m3hw5bxlk6im	Batman e Coringa - A Dupla Letal # 1 (Capa Variante por Mico Suayan)	Panini	rika:239783
cmmwv2g8h0nlmm3hwpmutnoij	Batman por Tom King # 06 - As Regras do Combate	Panini	rika:226148
cmmwv2c640ndom3hwyqs0p2m9	Batman por Tom King # 10 - A Ala da Tirania	Panini	rika:252787
cmmwv3g450po4m3hwifzjtz1j	Batman/Superman - Os Melhores do Mundo # 32 (Capa Variante)	Panini	rika:262419
cmmwv3ie90ptom3hw5ee956kk	Bela Casa do Lago - Volume 2 (Capa Dura)	Panini	rika:239859
cmmwuzag40gomm3hwgbra0rih	Ben Reilly - O Aranha Escarlate # 2 - FerrŃo da Morte	Panini	rika:150880
cmnfd2d8b031388bc5ba166b7	Berserk - EdińŃo De Luxo Vol. 10	Panini	panini:AMAXS010R5
cmnfcy9cj00sv88bcoalneyjr	Berserk - EdińŃo De Luxo Vol. 11	Panini	panini:AMAXS011R4
cmnfcy9cc00st88bcb4htyu0j	Berserk - EdińŃo De Luxo Vol. 12	Panini	panini:AMAXS012R4
cmnfcy9c300sr88bcv16e61fx	Berserk - EdińŃo De Luxo Vol. 14	Panini	panini:AMAXS014R4
cmnfd1bbk02nr88bc932grzsz	Berserk - EdińŃo De Luxo Vol. 15	Panini	panini:AMAXS015R3
cmnfcydog00wr88bcfotc8o6y	Berserk - EdińŃo De Luxo Vol. 18	Panini	panini:AMAXS018R4
cmnfcy6gw00r388bctm7gjbfo	Berserk - EdińŃo De Luxo Vol. 19	Panini	panini:AMAXS019R5
cmnfcy6gi00qz88bcnprvjq7s	Berserk - EdińŃo De Luxo Vol. 20	Panini	panini:AMAXS020R4
cmnfczp1e01jj88bcr3la39lq	Berserk - EdińŃo De Luxo Vol. 23	Panini	panini:AMAXS023R4
cmnfd2xp903c188bcrq9ocaih	Berserk - EdińŃo De Luxo Vol. 25	Panini	panini:AMAXS025R2
cmnfd2oho035v88bc5d1yfj41	Berserk - EdińŃo De Luxo Vol. 26	Panini	panini:AMAXS026R2
cmnfd2ohg035t88bcy3t505g6	Berserk - EdińŃo De Luxo Vol. 27	Panini	panini:AMAXS027R2
cmnfd2oi5035z88bc7fzzqyur	Berserk - EdińŃo De Luxo Vol. 28	Panini	panini:AMAXS028R2
cmnfd2oid036188bc14legobc	Berserk - EdińŃo De Luxo Vol. 29	Panini	panini:AMAXS029R2
cmnfd2ekh032r88bcqtcic464	Berserk - EdińŃo De Luxo Vol. 3	Panini	panini:AMAXS003R5
cmnfd2ohw035x88bc6b45fy6o	Berserk - EdińŃo De Luxo Vol. 30	Panini	panini:AMAXS030R2
cmnfd2eko032t88bcpd4fn681	Berserk - EdińŃo De Luxo Vol. 4	Panini	panini:AMAXS004R6
cmnfd2ek9032p88bc6fslxjod	Berserk - EdińŃo De Luxo Vol. 5	Panini	panini:AMAXS005R6
cmnfd2d94031988bcnk6t4rml	Berserk - EdińŃo De Luxo Vol. 7	Panini	panini:AMAXS007R5
cmnfd2d8m031588bchw4v8upb	Berserk - EdińŃo De Luxo Vol. 8	Panini	panini:AMAXS008R5
cmnfd2d8x031788bcsds0fenl	Berserk - EdińŃo De Luxo Vol. 9	Panini	panini:AMAXS009R5
cmnfczp3l01k188bc7f8fhqfx	Black Clover Vol. 3	Panini	panini:AMAEB003R3
cmnfcznwj01j188bcvyigg8k3	Boruto: Naruto Next Generations Vol. 1	Panini	panini:AMAEI001R3
cmnfczk3101gr88bc83fa7xhu	Boruto: Naruto Next Generations Vol. 3	Panini	panini:AMAEI003R3
cmnfcz12t01bj88bct7793oj7	Boruto: Naruto Next Generations Vol. 4	Panini	panini:AMAEI004R2
cmnfd2s0l039n88bc9cyeyge1	Bungo Stray Dogs Vol. 1	Panini	panini:AMAET001R4
cmnfd2s0d039l88bcrkw28jcs	Bungo Stray Dogs Vol. 4	Panini	panini:AMAET004R3
cmnfd2s11039r88bcmyeqs49p	Bungo Stray Dogs Vol. 5	Panini	panini:AMAET005R3
cmmwv00nr0i6am3hwphgnh9zd	Cańada Sangrenta # 1	Panini	rika:262422
cmmwv00mj0i68m3hwreqwn9dn	Cańada Sangrenta # 2	Panini	rika:262424
cmmwuxim50catm3hw0ree0go2	Cinema Purgat¾rio - Volume 4	Panini	rika:217555
cmmwv1jij0lvgm3hwrkrq09kj	ColeńŃo Hist¾rica Marvel - X-Men # 5	Panini	rika:121106
cmmwv1jh30lvcm3hw3nq7jhz5	ColeńŃo Hist¾rica Marvel - X-Men # 7	Panini	rika:121108
cmmwv1jep0lvam3hwq7fa1sqj	ColeńŃo Hist¾rica Marvel - X-Men # 8	Panini	rika:121109
cmng0okku002hhxikp0081ptd	Comandante Cobra (Universon Energon 04)	Panini	panini:AENER004
cmnfcxfvr006f88bc5jeznvpv	Comeńe por aqui! KIT ONE PIECE - edińŃo 7 a 12	Panini	panini:BUNDLEAMAOP7A12
cmmwuxd8s0bydm3hw8snsbndc	Darkness	Panini	rika:23685
cmmwv3i870pt8m3hwlzeun226	DC Vs. Vampiros - Volume 3 (Capa Dura)	Panini	rika:239873
cmmwv3l3s0q0om3hwegjxx4gi	DcomposińŃo # 2 - Duros de Matar	Panini	rika:219862
cmmwv0ieq0jgum3hwcs2pyunz	Deadpool - Na Mente de Um Psicopata	Panini	rika:117308
cmmwv0cub0j2um3hwp2h9ghw9	Deadpool Clßssico # 07 - Terapia de Choque	Panini	rika:135843
cmmwv0ctl0j2sm3hwynkj14bs	Deadpool Clßssico # 08 - Mortes e Revelań§es	Panini	rika:135844
cmmwv0b5q0iyom3hw65l8cxln	Deadpool Clßssico # 11 - Agente do Arma X	Panini	rika:150913
cmmwuyrki0fdqm3hwz467zepm	Demolidor - 4¬ Sķrie # 2 - DĒvida dos Infernos	Panini	rika:262435
cmnfcxq2t00dd88bc80bebu6g	Demon Slayer - Kimetsu No Yaiba Vol. 1	Panini	panini:AMKIY001R10
cmnfcxse700f788bcbeninadp	Demon Slayer - Kimetsu No Yaiba Vol. 11	Panini	panini:AMKIY011R6
cmnfcxsdv00f588bckzk2g391	Demon Slayer - Kimetsu No Yaiba Vol. 12	Panini	panini:AMKIY012R6
cmnfcy07l00kv88bcq6u496kx	Demon Slayer - Kimetsu No Yaiba Vol. 2	Panini	panini:AMKIY002R9
cmnfd2j5m033t88bcerhizxm7	Demon Slayer - Kimetsu No Yaiba Vol. 2	Panini	panini:AMKIY002R8
cmnfcxyhs00kl88bczx55xbs0	Demon Slayer - Kimetsu No Yaiba Vol. 3	Panini	panini:AMKIY003R10
cmmwuz6g10gewm3hwkjak6rtf	Dose Dupla # 6	Panini	rika:240013
cmnfd1b9n02nb88bcbi8ypmic	Dragon Ball Super Vol. 21	Panini	panini:AMAEJ021
cmnfd2j4p033l88bcrnq7jgdj	Dragon Ball Super Vol. 3	Panini	panini:AMAEJ003R5
cmnfd2j44033f88bckdkb7c1v	Dragon Ball Super Vol. 4	Panini	panini:AMAEJ004R4
cmnfcz12k01bh88bcbmopr4al	Dragon Ball Super Vol. 5	Panini	panini:AMAEJ005R4
cmnfd2el3032x88bcdi9jw3q6	Dragon Ball Vol. 1	Panini	panini:AMADR001R5
cmnfd2rxm038x88bcw5qepolj	Dragon Ball Vol. 1 - EdińŃo Definitiva (Capa Dura)	Panini	panini:AMAEM001R2
cmnfcz1ws01c788bcztr9bydn	Dragon Ball Vol. 13	Panini	panini:AMADR013R3
cmnfcz1xj01cd88bc9dj7grfd	Dragon Ball Vol. 14	Panini	panini:AMADR014R3
cmnfcz2x501ch88bcjazgzxwv	Dragon Ball Vol. 15	Panini	panini:AMADR015R3
cmnfcz2wt01cf88bcnkb7ppb5	Dragon Ball Vol. 16	Panini	panini:AMADR016R3
cmnfcz1wa01c388bc73c46q1o	Dragon Ball Vol. 17	Panini	panini:AMADR017R3
cmnfcz1w201c188bc8tk8jnhf	Dragon Ball Vol. 18	Panini	panini:AMADR018R3
cmnfcz1xa01cb88bcjhtswbsl	Dragon Ball Vol. 19	Panini	panini:AMADR019R3
cmnfcz2z901d188bccdt37os4	Dragon Ball Vol. 2	Panini	panini:AMADR002R5
cmnfcz1vt01bz88bckqqwzngz	Dragon Ball Vol. 20	Panini	panini:AMADR020R3
cmnfcz2yu01cx88bcc420384q	Dragon Ball Vol. 3	Panini	panini:AMADR003R5
cmnfcz2xj01cl88bcphzi5dch	Dragon Ball Vol. 8	Panini	panini:AMADR008R3
cmmwv018r0i7om3hwgle26k7i	Duende Vermelho # 2 - Natureza Vs. CriańŃo	Panini	rika:252870
cmmwuzare0gp8m3hw20n55hb6	Espetacular Homem-Aranha - 3¬ Sķrie # 13 (Capa Variante B)	Panini	rika:136214
cmmwuz5gc0gc6m3hwaeo53pk0	Espetacular Homem-Aranha - 5¬ Sķrie # 20 (Capa Variante)	Panini	rika:252876
cmmwuz5eo0gc2m3hwzoozvo5x	Espetacular Homem-Aranha - 5¬ Sķrie # 21 (Capa Variante)	Panini	rika:252878
cmmwuz5dn0gc0m3hwljwjezht	Espetacular Homem-Aranha - 5¬ Sķrie # 22 (Capa Variante)	Panini	rika:252880
cmmwuz5bv0gbwm3hwtbfs69zs	Espetacular Homem-Aranha - 5¬ Sķrie # 23 (Capa Variante A)	Panini	rika:252882
cmmwuz5b60gbum3hwl4u4k1nw	Espetacular Homem-Aranha - 5¬ Sķrie # 23 (Capa Variante B)	Panini	rika:252883
cmmwuz5930gbom3hweuf7hiyc	Espetacular Homem-Aranha - 5¬ Sķrie # 25 (Capa Variante A)	Panini	rika:252888
cmmwuz58e0gbmm3hw49qilrj5	Espetacular Homem-Aranha - 5¬ Sķrie # 25 (Capa Variante B)	Panini	rika:252889
cmmwuz4rw0gaem3hwpgo1e4vm	Espetacular Homem-Aranha - 5¬ Sķrie # 26 (Capa Variante)	Panini	rika:262439
cmmwuz4pp0gaam3hwcyjltmde	Espetacular Homem-Aranha - 5¬ Sķrie # 27 (Capa Variante)	Panini	rika:262441
cmmwuz4oj0ga8m3hwyyr349tg	Espetacular Homem-Aranha - 5¬ Sķrie # 28 (Capa Variante)	Panini	rika:262443
cmmwuz4lp0ga4m3hwi4sgairv	Espetacular Homem-Aranha - 5¬ Sķrie # 30	Panini	rika:262445
cmmwuz4js0ga2m3hw9j3slx1s	Espetacular Homem-Aranha - 5¬ Sķrie # 31	Panini	rika:262446
cmmwuz4hy0ga0m3hwowjz7ygl	Espetacular Homem-Aranha - 5¬ Sķrie # 33	Panini	rika:262448
cmmwuz4ej0g9um3hwvlpeg2ku	Espetacular Homem-Aranha - EdińŃo Definitiva - Volume 15	Panini	rika:262453
cmmwuzae50gogm3hwh9mktpv1	Espetacular Homem-Aranha - Renove Seus Votos # 3	Panini	rika:150951
cmmwuz8ih0gjqm3hws3hm6er9	Espetacular Homem-Aranha # 09 - O Reino Sombrio	Panini	rika:217600
cmmwuz7u10gi2m3hwhxmrtilo	Espetacular Homem-Aranha # 10 - De Volta Ó Vida	Panini	rika:219876
cmmwv3rsm0qecm3hw2o4t95sa	EsquadrŃo Suicida - 2¬ Sķrie # 19 (Capa Variante CCXP 2018)	Panini	rika:151146
cmmwv3jl90pwsm3hwt42kn1z4	EsquadrŃo Suicida - 3¬ Sķrie # 2	Panini	rika:226257
cmmwuspc001hfm3hwooeb6tq6	Estranhas Aventuras - Volume 2	Panini	rika:224300
cmmwuwhfr09u1m3hw7b6b6ek4	Ex Machina - EdińŃo de Luxo - Volume 2	Panini	rika:217618
cmmwuwfzv09q9m3hw2u0jl060	Fßbulas - EdińŃo de Luxo # 15	Panini	rika:252892
cmmwuwjsn0a05m3hw95ur67y4	Fßbulas # 21 - Felizes Para Sempre	Panini	rika:117325
cmmwv1dpz0llum3hww7rwysyw	Fabulosos X-Men - EdińŃo Definitiva - Volume 08	Panini	rika:240196
cmmwv00h00i60m3hw30af8ckc	Feiticeira Escarlate # 1 - A ┌ltima Porta	Panini	rika:262458
cmmwv393u0p6em3hwzl3y1qau	Flash - 2¬ Sķrie # 11	Panini	rika:169288
cmmwv01770i7km3hwm1d4sn4e	Fugitivos - A ColeńŃo # 8 - Sem SaĒda	Panini	rika:252898
cmmwv05c50ijmm3hwls5fjdbt	Gata Negra # 3 - Rei das Trevas - InvasŃo dos Simbiontes	Panini	rika:219887
cmmwusvi201whm3hwofu7zsqy	GaviŃo Negro - 1¬ Sķrie # 2	Panini	rika:217650
cmmwuzl5q0h8um3hwsz38cjut	GerańŃo Marvel - Homem-Aranha # 25	Panini	rika:24783
cmmwv3gpp0ppmm3hwqfvea6f8	Grandes Her¾is DC - Os Novos 52 # 12 - Mulher-Maravilha - Direto de Nascenńa	Panini	rika:252905
cmmwv1riy0m78m3hwx4g7wrzf	Grandes Her¾is DC - Os Novos 52 # 13 - Liga da Justińa - A Jornada do VilŃo	Panini	rika:252906
cmmwv468f0r5um3hw7fmoj74h	Grandes Her¾is DC - Os Novos 52 # 15 - Superman - ┴ Prova de Balas	Panini	rika:252908
cmmwv3a960p9im3hw5c7bj5ap	Grandes Her¾is DC - Os Novos 52 # 16 - Lanterna Verde - A Vinganńa do MŃo Negra	Panini	rika:252909
cmmwv2bu40ncsm3hwf26fyu9g	Grandes Her¾is DC - Os Novos 52 # 17 - Batman & Robin - Terminus	Panini	rika:252910
cmmwv3goy0ppkm3hwrdxjugqu	Grandes Her¾is DC - Os Novos 52 # 18 - Aquaman - Os Outros	Panini	rika:252911
cmmwv38n80p52m3hwbk3a8vl1	Grandes Her¾is DC - Os Novos 52 # 19 - The Flash - A RevoluńŃo dos Vil§es	Panini	rika:252912
cmmwv3go90ppim3hw3yr3kcoz	Grandes Her¾is DC - Os Novos 52 # 20 - Mulher-Maravilha - Forńa	Panini	rika:252913
cmmwv2bta0ncqm3hw83rhgzyh	Grandes Her¾is DC - Os Novos 52 # 21 - Batman - A Morte da FamĒlia	Panini	rika:252914
cmmwv467k0r5sm3hw5rm27sqk	Grandes Her¾is DC - Os Novos 52 # 22 - Superman - No Fim dos Dias	Panini	rika:252915
cmmwv050k0iimm3hw26sxtcb5	Guardi§es da Galßxia - 4¬ Sķrie # 2	Panini	rika:224322
cmmwv04zu0iikm3hwn8yw93ww	Guardi§es da Galßxia - 4¬ Sķrie # 3	Panini	rika:224323
cmmwv04z40iiim3hw7htqdnmj	Guardi§es da Galßxia - 4¬ Sķrie # 4	Panini	rika:224324
cmmwut0j9028rm3hwoofcjwt9	Guerras Infinitas # 9	Panini	rika:169391
cmmwv3nh80q5em3hwcvvc2233	Harleen # 1	Panini	rika:217654
cmmwv3pxo0qaam3hwisfly592	Her¾is em Crise # 4	Panini	rika:169397
cmmwv3pve0qa8m3hw9wuss9mo	Her¾is em Crise # 5	Panini	rika:169398
cmmwv0ktp0jnwm3hwycrdjamu	Her¾is Marvel # 02	Panini	rika:24267
cmmwv0ksz0jnum3hwo7nlmrid	Her¾is Marvel # 03	Panini	rika:24268
cmmwuxihu0cajm3hwbdfk5oby	Hit-Girl # 3 - Roma	Panini	rika:217683
cmmwuzly30h9ym3hwpx4bfxw6	Homem-Aranha	Panini	rika:24280
cmmwuz4bu0g9qm3hw8gkh1ufr	Homem-Aranha - A Saga do Clone # 01	Panini	rika:262465
cmmwuz4an0g9om3hwj2dtbvpi	Homem-Aranha - A Saga do Clone # 02	Panini	rika:262466
cmmwuz49n0g9mm3hwh4tjtcym	Homem-Aranha - A Saga do Clone # 03	Panini	rika:262467
cmmwuz48p0g9km3hwefpc2d9u	Homem-Aranha - A Saga do Clone # 04	Panini	rika:262468
cmmwuz47u0g9im3hw3f4fspwj	Homem-Aranha - A Saga do Clone # 05	Panini	rika:262469
cmmwuz46y0g9gm3hwolbmy20m	Homem-Aranha - A Saga do Clone # 06	Panini	rika:262470
cmmwuz4540g9cm3hwwgsags0k	Homem-Aranha - A Saga do Clone # 08	Panini	rika:262472
cmmwuz42d0g98m3hwecab4hy8	Homem-Aranha - A Saga do Clone # 10	Panini	rika:262474
cmmwuz3x80g92m3hwzv78fyor	Homem-Aranha - A Saga do Clone # 13	Panini	rika:262477
cmmwuz3w20g90m3hwy743i9jn	Homem-Aranha - A Saga do Clone # 14	Panini	rika:262478
cmmwuz3ut0g8ym3hwtl4od0g6	Homem-Aranha - A Saga do Clone # 15	Panini	rika:262479
cmmwuz3tk0g8wm3hw6gfxp4qw	Homem-Aranha - A Saga do Clone # 16	Panini	rika:262480
cmmwuz9590glgm3hwu535nq7z	Homem-Aranha - Aranhagedom # 2	Panini	rika:169402
cmmwuzbeq0gqcm3hw083udo85	Homem-Aranha - Aranhaverso # 25	Panini	rika:136272
cmmwuza3e0gnwm3hwsywpuogy	Homem-Aranha e os Campe§es # 10 (Capa Variante CCXP 2018)	Panini	rika:151126
cmmwuwjr70a01m3hwx595p040	Inescrito - Apocalipse - Volume 2	Panini	rika:117390
cmmwuwkgg0a1vm3hwdkelu525	Inescrito # 07 - Tommy Taylor e a Guerra de Palavras - Parte 2	Panini	rika:109986
cmmwv3set0qfam3hwd64ckcib	Injustińa - Deuses Entre N¾s - Volume 12	Panini	rika:151008
cmmwuwxa90aw7m3hwx56t676l	InvencĒvel # 05 - Os Fatos da Vida	Panini	rika:262486
cmmwuwx9g0aw5m3hw7plffrn5	InvencĒvel # 06 - Um Mundo Diferente	Panini	rika:262487
cmmwuwx8n0aw3m3hwlog1nlai	InvencĒvel # 07 - TrĻs ķ Demais	Panini	rika:262488
cmmwuwx7r0aw1m3hwbf4957o1	InvencĒvel # 08 - Meu Marciano Favorito	Panini	rika:262489
cmmwuwx6y0avzm3hwshqztk8z	InvencĒvel # 09 - Fora Deste Mundo	Panini	rika:262490
cmmwuwjcp09yzm3hw1vtd0372	InvisĒveis # 7 - SatŃpestade	Panini	rika:121261
cmmwuwjbs09yxm3hwhaommehx	Invisiveis # 8 - O Reino InvisĒvel	Panini	rika:121262
cmmwut7oc02qvm3hwy5wc5pjk	Jessica Jones # 2 - Os Segredos de Maria Hill	Panini	rika:150969
cmmwut7nl02qtm3hwb131s96f	Jessica Jones # 3 - O Retorno do Homem P·rpura	Panini	rika:150970
cmmwuwkbb0a1hm3hw9jkhmmq7	John Constantine - Hellblazer - A Cidade dos Dem¶nios	Panini	rika:110005
cmmwuwjaw09yvm3hwowbfzokf	John Constantine - Hellblazer - A MaldińŃo dos Constantine	Panini	rika:121263
cmmwuwiuv09xzm3hwgk35rlay	John Constantine - Hellblazer - DemonĒaco - Volume # 4 - Na Linha de Fogo	Panini	rika:135913
cmmwuwiu809xxm3hwjq1oo6dp	John Constantine - Hellblazer - DemonĒaco - Volume # 5 - Atķ o ┌ltimo Homem	Panini	rika:135914
cmmwuwitk09xvm3hwywizadpp	John Constantine - Hellblazer - DemonĒaco - Volume # 6 - Dem¶nios Pessoais	Panini	rika:135915
cmmwuwis309xrm3hwy3nit2ut	John Constantine - Hellblazer - DemonĒaco - Volume # 7 - Como Brincar com Fogo	Panini	rika:135916
cmmwuwfxk09q3m3hwhgw2wbwi	John Constantine - Hellblazer - EdińŃo de Luxo # 08	Panini	rika:252937
cmmwuwi2809vrm3hwbq0lq5zw	John Constantine - Hellblazer - Infernal - Volume # 1 - Hßbitos Perigosos (2¬ EdińŃo)	Panini	rika:165067
cmmwuvt2q08ovm3hwvyughwjp	John Constantine - Hellblazer - Origens - Volume # 6 - O Homem de FamĒlia (1¬ EdińŃo)	Panini	rika:110013
cmmwuwhyq09vhm3hwlq2qo2xe	John Constantine - Hellblazer - Origens - Volume # 8 - A Horrorista e Sangue Ruim (2¬ EdińŃo)	Panini	rika:165082
cmnfd2t8i03ax88bc93igw9qc	Jojo┤s Bizarre Adventure 41 (Parte 6: Stone Ocean Vol. 02)	Panini	panini:AMAPC041
cmnfd16je02k188bcbskglets	Jojo┤s Bizarre Adventure 42 (Parte 6: Stone Ocean Vol. 03)	Panini	panini:AMAPC042
cmnfd12wm02h188bc1nwlqvvp	Jojo┤s Bizarre Adventure 43 (Parte 6: Stone Ocean Vol. 04)	Panini	panini:AMAPC043
cmnfd0x0a02dx88bc6ygadknp	Jojo┤s Bizarre Adventure 44 (Parte 6: Stone Ocean Vol. 05)	Panini	panini:AMAPC044
cmnfd0u1202d188bcv760f02s	Jojo┤s Bizarre Adventure 45 (Parte 6: Stone Ocean Vol. 06)	Panini	panini:AMAPC045
cmnfd0p1k028l88bck5ep6tx2	Jojo┤s Bizarre Adventure 46 (Parte 6: Stone Ocean Vol. 07)	Panini	panini:AMAPC046
cmnfd0h8s024188bcdvc0f4l3	Jojo┤s Bizarre Adventure 47 (Parte 6: Stone Ocean Vol. 08)	Panini	panini:AMAPC047
cmnfd09ya01yf88bc4uems7c1	Jojo┤s Bizarre Adventure 48 (Parte 6: Stone Ocean Vol. 09)	Panini	panini:AMAPC048
cmnfd08mg01wr88bc2c0as605	Jojo┤s Bizarre Adventure 49 (Parte 6: Stone Ocean Vol. 10)	Panini	panini:AMAPC049
cmnfd2nek034p88bcw4umtld0	Jojo┤s Bizarre Adventure 50 (Parte 6: Stone Ocean Vol. 11)	Panini	panini:AMAPC050
cmnfd2j63033x88bcz5xyozbg	Jujutsu Kaisen: Batalha De Feiticeiros 0	Panini	panini:AJUJU001R5
cmnfczp1w01jn88bcgcut1gyy	Jujutsu Kaisen: Batalha De Feiticeiros Vol. 2	Panini	panini:AMJUK002R6
cmnfd2j55033p88bc7yy63j94	Jujutsu Kaisen: Batalha De Feiticeiros Vol. 3	Panini	panini:AMJUK003R6
cmnfcy6ga00qx88bcsn2586h6	Kaiju N.░ 8 Vol. 14	Panini	panini:AKAIJ014R
cmnfcyf2n00xv88bcrnbsazc5	Kusuriya No Hitorigoto - Dißrios De Uma Apotecßria 12	Panini	panini:AKUSU012R
cmmwv39wb0p8mm3hwlcjj8zwu	Lanterna Verde - 5¬ Sķrie # 17	Panini	rika:262500
cmmwv39vl0p8km3hwbb5g708y	Lanterna Verde - 5¬ Sķrie # 18	Panini	rika:262501
cmmwv3bbz0pbmm3hwd2weziax	Lanterna Verde - Origem Secreta (2¬ EdińŃo)	Panini	rika:169482
cmmwv3bma0pcem3hwtb79wed2	Lanternas Verdes # 21	Panini	rika:151094
cmmwv1twg0m9om3hw5e14yjl1	Lendas do Universo DC - Liga da Justińa - J.M. DeMatteis e Keith Giffen # 12	Panini	rika:224285
cmmwv1tvs0m9mm3hwj2njb065	Lendas do Universo DC - Liga da Justińa - J.M. DeMatteis e Keith Giffen # 13	Panini	rika:224286
cmmwv1ttu0m9km3hwc240c2w6	Lendas do Universo DC - Liga da Justińa - J.M. DeMatteis e Keith Giffen # 14	Panini	rika:224287
cmmwv1ts00m9im3hw7u5is1wj	Lendas do Universo DC - Liga da Justińa - J.M. DeMatteis e Keith Giffen # 15	Panini	rika:224288
cmmwv1tq40m9gm3hwzcteh1ib	Lendas do Universo DC - Liga da Justińa - J.M. DeMatteis e Keith Giffen # 16	Panini	rika:224289
cmmwv1to50m9em3hwfv05pzmd	Lendas do Universo DC - Liga da Justińa - J.M. DeMatteis e Keith Giffen # 17	Panini	rika:224290
cmmwv1tm00m9cm3hwhb875611	Lendas do Universo DC - Liga da Justińa - J.M. DeMatteis e Keith Giffen # 18	Panini	rika:224291
cmmwv1tip0m9am3hw7m0sjip8	Lendas do Universo DC - Liga da Justińa - J.M. DeMatteis e Keith Giffen # 19	Panini	rika:224292
cmmwv1tgf0m96m3hw0l7ujgnc	Lendas do Universo DC - Liga da Justińa - J.M. DeMatteis e Keith Giffen # 21	Panini	rika:224294
cmmwv1unq0maim3hwkq56pfxg	Liga da Justińa Dark - Volume 2	Panini	rika:217387
cmmwuwfoy09pjm3hwndl1wwt4	L·cifer - EdińŃo de Luxo # 4	Panini	rika:262505
cmmwuwfnv09phm3hwtkxchw0g	L·cifer - EdińŃo de Luxo # 5	Panini	rika:262506
cmmwuwia409wdm3hw5yqkssnh	L·cifer # 3 - Sangue nas Ruas	Panini	rika:149678
cmmwuzpt20hgom3hwg6qnirbc	Maestro # 2 - Guerra e Pax	Panini	rika:224318
cmmwuwfms09pfm3hwf8dopr8m	Mais Belas Fßbulas - EdińŃo de Luxo # 2	Panini	rika:262508
cmmwuz8020giem3hw693rwcbe	Marvel Action - Homem-Aranha # 2 - Mß Sorte	Panini	rika:217875
cmmwv01uz0i9gm3hwxduecnz4	Marvel Epic Collection # 06 - O Espetacular Homem-Aranha - Ameańas por Todos os Lados	Panini	rika:240133
cmmwv01ua0i9em3hwuyhit3xc	Marvel Epic Collection # 07 - Punho de Ferro - A F·ria do Punho de Ferro	Panini	rika:240134
cmmwv01sx0i9am3hw53mpd0om	Marvel Essenciais - Magneto - Testamento	Panini	rika:240138
cmmwv04qt0ihum3hwubfar3ou	Marvel Essenciais - Zumbis Marvel	Panini	rika:225690
cmmwuzln30h9gm3hwx686aw2g	Marvel Super Heroes # 1	Panini	rika:24400
cmmwv0kl80jn8m3hwm5j8mcb9	Marvel Super Heroes # 2	Panini	rika:24401
cmmwv0kjx0jn4m3hwf4z7rw1v	Marvel Super Heroes # 4	Panini	rika:24403
cmmwv05lg0ikcm3hwsympwcw8	Marvel Teens - Gwen-Aranha # 2 - Poderes Espetaculares	Panini	rika:217878
cmmwv0gil0jbsm3hwasaq86jf	Miracleman Anual # 1	Panini	rika:121307
cmmwuwifp09wtm3hw0e3z2y5e	Monstro do PŌntano - RaĒzes do Mal # 5	Panini	rika:149604
cmmwuwif109wrm3hwj0myag68	Monstro do PŌntano - RaĒzes do Mal # 6	Panini	rika:149605
cmmwuwj6o09ynm3hwrfebov0b	Monstro do PŌntano - RegĻnese # 2	Panini	rika:121313
cmnfd0owf027j88bccs9owvdu	Moriarty: O Patriota Vol. 1	Panini	panini:AMAFA001R2
cmmwv3pzg0qagm3hwd61xq3di	Mulher-Gato - 1¬ Sķrie # 1 (Capa Variante CCXP 2019)	Panini	rika:169314
cmmwv3jiv0pwmm3hwqimzfm6e	Mulher-Gato - 1¬ Sķrie # 5	Panini	rika:226260
cmmwv3g3a0po2m3hwvrzx0nr8	Mulher-Gato - 2¬ Sķrie # 4	Panini	rika:262519
cmmwv3g0r0pnwm3hwi1dbuo8g	Mulher-Maravilha e Flash # 14	Panini	rika:262526
cmmwv3fzt0pnum3hwrowerk2k	Mulher-Maravilha e Flash # 15	Panini	rika:262527
cmmwv3fz00pnsm3hwup7jt4yt	Mulher-Maravilha e Flash # 16	Panini	rika:262528
cmnfcxq5b00dx88bc5w2wesw2	Naruto Gold Vol. 1	Panini	panini:AMAXR001R7
cmnfczp0f01jb88bcah8zjo74	Naruto Gold Vol. 10	Panini	panini:AMAXR010R5
cmnfd0mbs025r88bcjrf7nlv4	Naruto Gold Vol. 11	Panini	panini:AMAXR011R6
cmnfcxyd500jl88bc0cpsvw2k	Naruto Gold Vol. 13	Panini	panini:AMAXR013R6
cmnfcxwp600jh88bcee8vy7zs	Naruto Gold Vol. 14	Panini	panini:AMAXR014R6
cmnfcyzw001az88bcaitl9rnd	Naruto Gold Vol. 15	Panini	panini:AMAXR015R6
cmnfcyzv201ar88bcwnynxz2i	Naruto Gold Vol. 16	Panini	panini:AMAXR016R4
cmnfcyzvb01at88bcd69p07d4	Naruto Gold Vol. 17	Panini	panini:AMAXR017R4
cmnfcyzul01an88bch1uodscy	Naruto Gold Vol. 18	Panini	panini:AMAXR018R4
cmnfcyasi00ub88bce5iq7zue	Naruto Gold Vol. 19	Panini	panini:AMAXR019R4
cmnfcyvzy018588bcorbye7xb	Naruto Gold Vol. 21	Panini	panini:AMAXR021R4
cmnfcyw04018788bcueiih4ls	Naruto Gold Vol. 22	Panini	panini:AMAXR022R4
cmnfcyqq5013t88bc1nzgj5av	Naruto Gold Vol. 24	Panini	panini:AMAXR024R4
cmnfcyjb600yr88bcv6lxpzc2	Naruto Gold Vol. 25	Panini	panini:AMAXR025R4
cmnfczp0601j988bck1ypeofr	Naruto Gold Vol. 7	Panini	panini:AMAXR007R5
cmnfczqik01kf88bcgk59z9zt	Naruto Gold Vol. 8	Panini	panini:AMAXR008R5
cmnfczp0x01jf88bcn7qtnxnp	Naruto Gold Vol. 9	Panini	panini:AMAXR009R5
cmnfd0fp0022f88bcpi2fhk1q	Nisekoi Vol. 11	Panini	panini:AMACA011R2
cmnfd0fon022b88bcqjyi4upv	Nisekoi Vol. 12	Panini	panini:AMACA012R2
cmnfd0fot022d88bc257i284k	Nisekoi Vol. 13	Panini	panini:AMACA013R2
cmnfd0fo9022788bcwuutdd5t	Nisekoi Vol. 14	Panini	panini:AMACA014R2
cmnfd0fnv022388bcjhrwg2cv	Nisekoi Vol. 15	Panini	panini:AMACA015R2
cmnfd05xa01uf88bcf04s2jmy	Nisekoi Vol. 20	Panini	panini:AMACA020R2
cmnfcytiu016188bckblkjzdq	Nisekoi Vol. 21	Panini	panini:AMACA021R2
cmnfcytj3016388bcmmsk4vq8	Nisekoi Vol. 22	Panini	panini:AMACA022R2
cmnfcytjd016588bcy4bavxw5	Nisekoi Vol. 23	Panini	panini:AMACA023R2
cmnfcytil015z88bcugi28dlz	Nisekoi Vol. 24	Panini	panini:AMACA024R2
cmnfcytic015x88bcbszoy8o4	Nisekoi Vol. 25	Panini	panini:AMACA025R2
cmnfd0sy702bt88bc2joyhgvn	Nisekoi Vol. 6	Panini	panini:AMACA006R2
cmnfd0sxz02br88bcjibj629t	Nisekoi Vol. 7	Panini	panini:AMACA007R2
cmnfd0sxs02bp88bc42rjm4r5	Nisekoi Vol. 9	Panini	panini:AMACA009R2
cmnfcykew00zb88bcqgamzzof	One Piece 3 Em 1 Vol. 11	Panini	panini:AOPTR011R2
cmnfczv8u01nn88bc6k2giykt	One Piece Green - Peńas Secretas - Databook IV	Panini	panini:ALINO001R2
cmnfcznwb01iz88bcu811uasn	One-Punch Man Vol. 1	Panini	panini:AMABF001R3
cmnfcyc1q00up88bccp9zc8dn	One-Punch Man Vol. 10	Panini	panini:AMABF010R3
cmnfczmhm01gx88bcrpgmfli5	One-Punch Man Vol. 3	Panini	panini:AMABF003R3
cmnfczmhd01gv88bcx9cnrkxr	One-Punch Man Vol. 4	Panini	panini:AMABF004R3
cmnfcyx1d01a588bc37d9r6ux	One-Punch Man Vol. 5	Panini	panini:AMABF005R3
cmnfcyx0y01a188bc04lfbaff	One-Punch Man Vol. 6	Panini	panini:AMABF006R3
cmmwuwj4n09yjm3hwk03z25up	Patrulha do Destino # 3 - Rua ParaĒso Abaixo	Panini	rika:121346
cmmwuwj3q09yhm3hwktlzsa3l	Patrulha do Destino # 4 - Supermusculatura	Panini	rika:121347
cmmwv3gig0pp2m3hwmrfqxk22	Pinguim # 2	Panini	rika:252996
cmnfczbr801eh88bcwlv1gdyn	Pokķmon Red, Green & Blue 03	Panini	panini:AMAKY003R2
cmmwuwgnn09s1m3hw9tw6173m	Preacher - Volume 9 - ┴lamo (2¬ EdińŃo)	Panini	rika:226165
cmmwv3phq0q9im3hwy4479081	Rel¾gio do JuĒzo Final # 08	Panini	rika:169440
cmmwv3ph20q9gm3hwkwir5uof	Rel¾gio do JuĒzo Final # 09	Panini	rika:169441
cmmwv3pge0q9em3hwm3zumy6z	Rel¾gio do JuĒzo Final # 10	Panini	rika:169442
cmmwv3pdv0q9cm3hw3rzaves8	Rel¾gio do JuĒzo Final # 11	Panini	rika:169443
cmmwv3ge60poqm3hwefz7u1n1	Saga da Mulher-Maravilha # 03	Panini	rika:253017
cmmwv3gdg0poom3hwsh2s17pu	Saga da Mulher-Maravilha # 04	Panini	rika:253018
cmmwv3gcl0pomm3hws2i9slgm	Saga da Mulher-Maravilha # 05	Panini	rika:253019
cmmwv38lz0p4ym3hwsy2sj3au	Saga do Flash # 09	Panini	rika:253032
cmmwv38lb0p4wm3hwno4x3krc	Saga do Flash # 10	Panini	rika:253033
cmmwuz50e0gaym3hwh7209857	Saga do Homem-Aranha # 14	Panini	rika:253036
cmmwuz4zq0gawm3hwk9mvvxc6	Saga do Homem-Aranha # 15	Panini	rika:253037
cmmwuz4z20gaum3hwnxwuiepu	Saga do Homem-Aranha # 16	Panini	rika:253038
cmmwuz4y40gasm3hw2sek2vwf	Saga do Homem-Aranha # 17	Panini	rika:253039
cmmwuz4vr0gaom3hw5q2a7j2j	Saga do Homem-Aranha # 19	Panini	rika:253041
cmmwuz4v20gamm3hw48iz17lx	Saga do Homem-Aranha # 20	Panini	rika:253042
cmmwuz4uc0gakm3hwh3jwvy1p	Saga do Homem-Aranha # 21	Panini	rika:253043
cmmwuz4tm0gaim3hwxdnvnwsp	Saga do Homem-Aranha # 22	Panini	rika:253044
cmmwuz4sw0gagm3hwihfngzlh	Saga do Homem-Aranha # 23	Panini	rika:253045
cmmwuzp4c0hfom3hwe8or22yp	Saga do Hulk # 04	Panini	rika:262549
cmmwuzp1u0hfmm3hwbekqhasw	Saga do Hulk # 05	Panini	rika:262550
cmmwv46550r5mm3hwyrw91b4z	Saga do Superman - 2¬ Temporada # 03	Panini	rika:253048
cmmwv463a0r5im3hwn9tu1bqk	Saga do Superman - 2¬ Temporada # 05	Panini	rika:253050
cmmwv462e0r5gm3hwj4qr4kdb	Saga do Superman - 2¬ Temporada # 06	Panini	rika:253051
cmmwv11j60kuam3hw2t76hk7k	Saga do Wolverine # 03	Panini	rika:253054
cmmwv11ie0ku8m3hwblauauom	Saga do Wolverine # 04	Panini	rika:253055
cmmwv4de80rn2m3hwtp5yo5qc	Saga dos Novos TitŃs # 08	Panini	rika:253059
cmmwv4dda0rn0m3hwase2n45b	Saga dos Novos TitŃs # 09	Panini	rika:253060
cmmwv0sit0k7wm3hw3ox20pz3	Saga dos Vingadores # 08	Panini	rika:253065
cmmwv0shl0k7um3hw7t1hlu4g	Saga dos Vingadores # 09	Panini	rika:253066
cmmwv1cm50ljum3hwplzqpbun	Saga dos X-Men # 27	Panini	rika:253072
cmmwv1c3z0lium3hwq4ce702p	Saga dos X-Men # 32	Panini	rika:262554
cmmwv1c3f0lism3hw8hq5jvcv	Saga dos X-Men # 33	Panini	rika:262555
cmmwv1c2u0liqm3hw8tf4tcja	Saga dos X-Men # 34	Panini	rika:262556
cmmwv1c260liom3hw9kf0ro58	Saga dos X-Men # 35	Panini	rika:262557
cmmwv1bzo0limm3hwlqzowd4z	Saga dos X-Men # 36	Panini	rika:262558
cmnfcyx04019t88bckzjntf5m	Sakamoto Days 12	Panini	panini:ASAKD012R
cmnfcywzp019p88bcw14ywf9a	Sakamoto Days 13	Panini	panini:ASAKD013R
cmmwuwfue09pvm3hwl1lpcfb8	Sandman Apresenta # 10 - Bruxaria	Panini	rika:253081
cmmwusngn01cvm3hwodtv2pqf	Shang-Chi # 1 - IrmŃos e IrmŃs	Panini	rika:225816
cmmwv3hmb0prwm3hweacr588q	Sleeper - Espionagem de Alto Risco - EdińŃo de Luxo # 2	Panini	rika:239912
cmmwuxtgw0d02m3hw164wu496	Soulfire	Panini	rika:23954
cmmwuxthy0d04m3hwgp7hb57c	Soulfire	Panini	rika:23953
cmnfcxq3c00dh88bc1dztihwy	Spy X Family Vol. 2	Panini	panini:ASPFA002R7
cmmwv08es0ir8m3hwaozpfl4s	Star Wars - 2¬ Sķrie # 02	Panini	rika:164995
cmmwv08di0ir4m3hwfpb5vydr	Star Wars - 2¬ Sķrie # 04	Panini	rika:164997
cmmwv053r0iiwm3hwgdkzxthd	Star Wars - 3¬ Sķrie # 2	Panini	rika:219992
cmmwv03ak0idgm3hww7fe0yhf	Star Wars - Darth Vader - Volume 01 - O CorańŃo Sombrio dos Sith	Panini	rika:226464
cmmwv02xk0icim3hw0s7t4v3w	Star Wars - Legends - O Impķrio # 03	Panini	rika:239992
cmmwv02wv0icgm3hw2h210tu2	Star Wars - Legends - O Impķrio # 04	Panini	rika:239993
cmmwv02w70icem3hwa21c5rvy	Star Wars - Legends - O Impķrio # 05	Panini	rika:239994
cmmwv012x0i7am3hwjpymh4mi	Star Wars - Legends - O Impķrio # 09	Panini	rika:253099
cmmwv01240i78m3hwufp88857	Star Wars - Legends - O Impķrio # 10	Panini	rika:253100
cmmwv011f0i76m3hwj2ifc6x2	Star Wars - Legends - O Impķrio # 11	Panini	rika:253101
cmmwv010q0i74m3hwxpvhptqm	Star Wars - Legends - O Impķrio # 12	Panini	rika:253102
cmmwv00zy0i72m3hwbcoz3htg	Star Wars - Legends - O Impķrio # 13	Panini	rika:253103
cmmwv00z90i70m3hwza47v0ns	Star Wars - Legends - O Impķrio # 14	Panini	rika:253104
cmmwv00yj0i6ym3hw3nfnnq8k	Star Wars - Legends - O Impķrio # 15	Panini	rika:253105
cmmwv00xr0i6wm3hwv7mo40dh	Star Wars - Legends - O Impķrio # 16	Panini	rika:253106
cmmwv00x30i6um3hwnvmwaecx	Star Wars - Legends - O Impķrio # 17	Panini	rika:253107
cmmwv00wd0i6sm3hw4b2eod7m	Star Wars - Legends - O Impķrio # 18	Panini	rika:253108
cmmwv00vk0i6qm3hwwx94skal	Star Wars - Legends - O Impķrio # 19	Panini	rika:253109
cmmwv00uu0i6om3hwqjj8c8vl	Star Wars - Legends - O Impķrio # 20	Panini	rika:253110
cmmwv00u20i6mm3hw3pszzvfm	Star Wars - Legends - O Impķrio # 21	Panini	rika:253111
cmmwv00t40i6km3hwg4pgmwi0	Star Wars - Legends - O Impķrio # 22	Panini	rika:253112
cmmwv00sa0i6im3hw5187hfl3	Star Wars - Legends - O Impķrio # 23	Panini	rika:253113
cmmwv00ra0i6gm3hw6lxlqi7j	Star Wars - Legends - O Impķrio # 24	Panini	rika:253114
cmmwv02sl0ic4m3hw1fpo6603	Star Wars - Volume 06 - As Buscas da Forńa	Panini	rika:240006
cmmwuxkzh0cgxm3hw3oczcgv2	Star Wars Encadernado # 05 - O ┌ltimo Vo¶ da Harbinger	Panini	rika:149634
cmmwuxjby0ccnm3hwb6x8n4qj	Star Wars Encadernado # 07 - Cidadela dos Gritos	Panini	rika:164885
cmmwuxdnm0bz7m3hw9thusc28	Stranger Things # 8 - Contos de Hawkins (Capa Dura)	Panini	rika:262563
cmmwv48ra0rbim3hw24broskh	Superman - 4¬ Sķrie # 09 (Capa Variante CCXP 19)	Panini	rika:169323
cmmwv48fr0ramm3hwba34bwgd	Superman - 4¬ Sķrie # 26	Panini	rika:217431
cmmwv45tu0r4um3hwa3b6q499	Superman - 6¬ Sķrie # 20	Panini	rika:262570
cmmwv45t80r4sm3hwzstsf0up	Superman - 6¬ Sķrie # 21	Panini	rika:262571
cmmwv45sj0r4qm3hw90ekogj7	Superman - 6¬ Sķrie # 22	Panini	rika:262572
cmmwv45ru0r4om3hw38zr9cfx	Superman - 6¬ Sķrie # 23 (Capa Principal)	Panini	rika:262573
cmmwv45r50r4mm3hwfmegu5ac	Superman - 6¬ Sķrie # 23 (Capa Variante)	Panini	rika:262574
cmmwv47nq0r8im3hw2okc0rxk	Superman - Terra Um - Volume 2 - 2¬ EdińŃo (Capa Dura)	Panini	rika:226212
cmmwut7d902q3m3hwdpedv9hy	Thanos # 2 - O Fosso dos Deuses	Panini	rika:151001
cmmwv0afe0ix4m3hwjbwy04w1	Thanos # 3 - Thanos Vence	Panini	rika:151002
cmmwuxj6w0ccbm3hwvu0vbtj5	The Walking Dead # 14	Panini	rika:164891
cmmwuxj1s0cbxm3hwv8abboia	The Walking Dead # 15	Panini	rika:169463
cmmwuxj120cbvm3hwcyc2bco0	The Walking Dead # 16	Panini	rika:169464
cmmwuxizo0cbrm3hwl4ipy2qw	The Walking Dead # 18	Panini	rika:169466
cmmwuxiyx0cbpm3hwqup37bd2	The Walking Dead # 27	Panini	rika:169467
cmmwv0oy80jy8m3hwvtm4db3i	Thor	Panini	rika:224336
cmmwv0oz00jyam3hwkuyy32ew	Thor	Panini	rika:224335
cmmwv0ozn0jycm3hwzyjcccwk	Thor	Panini	rika:224334
cmmwv0p080jyem3hw87sfs0ys	Thor	Panini	rika:224333
cmmwv0p0t0jygm3hw39j6425t	Thor	Panini	rika:224332
cmmwv0p1f0jyim3hwiif8gp89	Thor	Panini	rika:224331
cmmwv4e2g0roam3hw1pz2ypsz	TitŃs - 2¬ Sķrie # 6	Panini	rika:169329
cmnfd2qyv038h88bc1n9etpyi	Tokyo Ghoul Vol. 1	Panini	panini:AMAAX001R4
cmnfd05yh01up88bcuvorz12f	Tokyo Ghoul Vol. 10	Panini	panini:AMAAX010R3
cmnfd2ngk035388bcfe5kutz4	Tokyo Ghoul Vol. 11	Panini	panini:AMAAX011R3
cmnfd2ngb035188bccivy3p72	Tokyo Ghoul Vol. 12	Panini	panini:AMAAX012R3
cmnfd2ng2034z88bcrro7037c	Tokyo Ghoul Vol. 14	Panini	panini:AMAAX014R3
cmnfd2qz4038j88bc9yl371ep	Tokyo Ghoul Vol. 2	Panini	panini:AMAAX002R4
cmnfd0svg02b588bcu2ubd9wm	Tokyo Ghoul Vol. 3	Panini	panini:AMAAX003R4
cmnfd0sv902b388bcv56huly4	Tokyo Ghoul Vol. 4	Panini	panini:AMAAX004R4
cmnfd0sv202b188bcflnw18sf	Tokyo Ghoul Vol. 5	Panini	panini:AMAAX005R4
cmnfd2ngw035588bcifsdc6d5	Tokyo Ghoul Vol. 6	Panini	panini:AMAAX006R3
cmnfd2nh4035788bc54eifgt4	Tokyo Ghoul Vol. 7	Panini	panini:AMAAX007R3
cmmwuwgbd09r3m3hwscgdkct0	Transmetropolitan # 2 - TesŃo Pela Vida (2¬ EdińŃo)	Panini	rika:226336
cmmwuwgam09r1m3hwpejrtclx	Transmetropolitan # 4 - Cidade Solitßria (2¬ EdińŃo)	Panini	rika:226338
cmmwuwg9v09qzm3hw2tkl1aaf	Transmetropolitan # 5 - O Flagelo de Spider (2¬ EdińŃo)	Panini	rika:226339
cmmwuwg9109qxm3hwlon9ns5i	Transmetropolitan # 6 - Mais Uma Vez (2¬ EdińŃo)	Panini	rika:226340
cmmwv3z8t0qrgm3hwh8qa4p1c	Tropa dos Lanternas Verdes - O Lado Negro do Verde	Panini	rika:109095
cmmwv008w0i5om3hw76s27s2e	Ultimate Pantera Negra # 2 - Deuses e Reis	Panini	rika:262579
cmnfczwdy01pf88bc161lgsa5	Vagabond Vol. 1	Panini	panini:AMABP001R4
cmnfd04u701u388bc0g5vr4lk	Vagabond Vol. 10	Panini	panini:AMABP010R2
cmnfcyx0c019v88bcb10tuaxr	Vagabond Vol. 6	Panini	panini:AMABP006R3
cmnfd060l01v788bcw3gwa3ue	Vagabond Vol. 9	Panini	panini:AMABP009R2
cmmwv04gd0igym3hwxth1tnwi	ValquĒria - Jane Foster # 3 - O Retorno das ValquĒrias	Panini	rika:225820
cmmwusi2300zum3hw4777se79	ValquĒria - Jane Foster # 4 - Todo o Hel Ó Solta	Panini	rika:225821
cmnfd0fog022988bce2znvf9g	Vampire Knight Memories Vol. 1	Panini	panini:AMADC001R2
cmmwv12a00kwam3hw4nnk9399	Velho Logan # 28 (Capa Variante CCXP 2018)	Panini	rika:151050
cmmwv082l0iq6m3hwqsamped4	Venom - 2¬ Sķrie # 07 (Capa Variante CCXP 19)	Panini	rika:169332
cmmwv0uui0kdcm3hwd0lskdzq	Vingadores	Panini	rika:151055
cmmwv0ue20kc4m3hwr95jt3bw	Vingadores - 4¬ Sķrie # 09 (Capa Variante A CCXP 19)	Panini	rika:169340
cmmwv0ud60kc2m3hwkr2tro6h	Vingadores - 4¬ Sķrie # 09 (Capa Variante B CCXP 19)	Panini	rika:169341
cmmwv0s9k0k7em3hw5dum8ykb	Vingadores - 5¬ Sķrie # 20	Panini	rika:262590
cmmwv0s8o0k7cm3hwlqg5zzoo	Vingadores - 5¬ Sķrie # 21	Panini	rika:262591
cmmwv0s7x0k7am3hw5y4yaoxl	Vingadores - 5¬ Sķrie # 22	Panini	rika:262592
cmmwv0vao0keim3hwka38xhup	Vingadores - Aventura e DiversŃo # 6	Panini	rika:136002
cmmwv0t9m0k9am3hwocw35hct	Vingadores Selvagens # 4 - Simbiose Bßrbara	Panini	rika:226026
cmmwv0w6i0kgwm3hw88kuvq7c	Vingadores Versus X-Men # 5	Panini	rika:110271
cmmwv0w5q0kgum3hwusv73rzb	Vingadores Versus X-Men # 6	Panini	rika:110272
cmmwv0w4y0kgsm3hwkug1fr7b	Vingadores Versus X-Men # 7	Panini	rika:110273
cmmwv006d0i5km3hwb18ltue0	Vinganńa do Cavaleiro da Lua # 2 - Ele Vive	Panini	rika:262594
cmnfczwe901ph88bcdw1yxutl	Vinland Saga Deluxe Vol. 1	Panini	panini:AVISA001R3
cmnfd31f703db88bcuw9pf1ln	Wotakoi: O Amor ķ DifĒcil Para Otakus Vol. 6	Panini	panini:AMAER006R2
cmnfd04o401t388bcpjn9fddo	X 01	Panini	panini:ACLAM001
cmnfczihy01ft88bctgjk9kgc	X 02	Panini	panini:ACLAM002
cmmwv1kic0lx6m3hwh54ofvc6	X-Men - A Queda dos Mutantes # 3	Panini	rika:109140
cmmwuwfpz09plm3hwldim8i8v	ZDM - EdińŃo de Luxo # 2	Panini	rika:253194
