cmo776y7t06szaj8jkzmwzpi9	Casa do Sol # 3	Newpop	rika:246043
cmo776y7t06t0aj8jdicv1wlk	Casa do Sol # 4	Newpop	rika:246044
cmo776ycb07u9aj8ja7tdz5dq	Fireworks - Luzes no Céu (Novel)	Newpop	rika:214636
cmo776ybc07leaj8jup7zt49m	Impulse	Newpop	rika:161145
cmo776y8406u0aj8jt2h78gum	Jovens Sagrados # 04	Newpop	rika:246471
cmo776y4q063taj8jn75f4ndh	Loveless # 07	Newpop	rika:121885
cmo776y2i05jpaj8jooy86il3	Made in Abyss # 09	Newpop	rika:219497
cmo776y9q078qaj8jeom5su5h	MADK # 2	Newpop	rika:256006
cmo776y9q078raj8j84quhiew	MADK # 3	Newpop	rika:256007
cmo776ycc07vyaj8jiwif7elu	Mo Dao Zu Shi - O Fundador da Cultivação Demoníaca - Livro 2 (Novel)	Newpop	rika:256012
cmo776ycc07vxaj8j7zwhi88s	Mo Dao Zu Shi - O Fundador da Cultivação Demoníaca - Livro 3 (Novel)	Newpop	rika:256013
cmo776ycc07vwaj8jhova9z9w	Mo Dao Zu Shi - O Fundador da Cultivação Demoníaca - Livro 4 (Novel)	Newpop	rika:256014
cmo776ycc07vvaj8jd31yxqt8	Mo Dao Zu Shi - O Fundador da Cultivação Demoníaca - Livro 5 (Novel)	Newpop	rika:256015
cmo776y7506liaj8j9zk3cprr	Mushishi # 4	Newpop	rika:256023
cmo776y7506ljaj8jzrguldlv	Mushishi # 5	Newpop	rika:256024
cmo776y9q078naj8j7q3999wm	Navillera - Como Uma Borboleta # 2	Newpop	rika:256064
cmo776y9q078oaj8j819dz26c	Navillera - Como Uma Borboleta # 3	Newpop	rika:256065
cmo776y7h06owaj8j6zospyry	No 6 # 1	Newpop	rika:121955
cmo776y7h06oxaj8jg2j18iec	No 6 # 2	Newpop	rika:121956
cmo776y7h06oyaj8jdry1okle	No 6 # 3	Newpop	rika:121957
cmo776y7h06ozaj8j2283miaa	No 6 # 4	Newpop	rika:121958
cmo776y7i06p0aj8jlouvyqo0	No 6 # 5	Newpop	rika:121959
cmo776y7s06rgaj8jzol8hz81	No Café Kichijouji # 4	Newpop	rika:214760
cmo776y6e06h2aj8jy37j6qrd	Perfect World # 05	Newpop	rika:246846
cmo776y6e06h3aj8jtcok4z8c	Perfect World # 06	Newpop	rika:246847
cmo776ya107b9aj8jl22409n7	Philosophia	Newpop	rika:161151
cmo776yad07ffaj8jbjswkd3b	Seven Days # 2	Newpop	rika:256114
cmo776ya107bzaj8j169620d1	The Hellbound - Profecia do Inferno # 2	Newpop	rika:224838
cmo776ycb07u0aj8j5po6osji	Toradora! - Volume 07 (Novel)	Newpop	rika:214865
cmo776ycb07tzaj8j9gafi1hm	Toradora! - Volume 09 (Novel)	Newpop	rika:214867
cmo776yad07fjaj8jy69zfwty	Único Destino dos Vilões é a Morte # 02	Newpop	rika:247169
